time,count,50%,90%,max
2026-01,21.0,90.26199999999972,412.95899999999983,768.4200000000001
2026-02,20.0,129.78049999999985,316.35270000000025,482.9290000000001
2026-03,22.0,151.55549999999994,353.72830000000033,414.4250000000002
2026-04,21.0,101.3159999999998,162.36200000000008,244.96399999999994
2026-05,21.0,100.46900000000005,135.67000000000007,150.30100000000039
2026-06,22.0,91.82649999999967,164.24889999999968,210.24099999999999
2026-07,23.0,86.44999999999982,118.48720000000048,155.7489999999998
2026-08,21.0,88.68299999999999,186.70399999999972,211.79500000000007
2026-09,19.0,97.97499999999945,129.3074000000004,138.83000000000084
