time,high,low,open,close,n,range,range_pct
2026-01-02,4402.465,4309.68,4348.358,4331.759,1318,92.78499999999985,2.133793951647952
2026-01-05,4460.29,4370.227,4372.597,4440.334,1374,90.0630000000001,2.0597141698629007
2026-01-06,4500.541,4427.675,4440.426,4493.223,1377,72.86599999999999,1.6409686818336793
2026-01-07,4495.931,4423.563,4493.308,4463.418,1377,72.36799999999948,1.6105728786007876
2026-01-08,4484.203,4407.557,4463.439,4475.597,1377,76.64600000000064,1.7171960902792809
2026-01-09,4517.18,4452.819,4475.632,4509.075,1318,64.36099999999988,1.4380315450421277
2026-01-12,4630.183,4536.272,4540.027,4599.371,1377,93.91100000000006,2.068511927351975
2026-01-13,4634.774,4569.234,4599.408,4597.136,1377,65.53999999999996,1.4249659956237837
2026-01-14,4643.164,4597.11,4597.181,4615.294,1375,46.05400000000009,1.0017878347622182
2026-01-15,4624.902,4580.995,4615.256,4610.284,1377,43.90700000000015,0.9513448441429934
2026-01-16,4620.563,4536.729,4610.243,4596.588,1318,83.83399999999983,1.818429093650808
2026-01-19,4682.114,4653.138,4672.63,4665.406,1227,28.975999999999658,0.6201218585678655
2026-01-20,4781.083,4659.455,4665.371,4775.878,1378,121.6279999999997,2.60703811122416
2026-01-21,4888.495,4755.85,4775.829,4778.381,1377,132.64499999999953,2.7774235635321016
2026-01-22,4960.587,4772.208,4778.317,4958.972,1378,188.37900000000081,3.9423713412065546
2026-01-23,4989.804,4899.542,4959.011,4988.337,1318,90.26199999999972,1.8201613184564363
2026-01-26,5111.144,4989.632,5039.821,5043.629,1377,121.51200000000063,2.411038011072231
2026-01-27,5190.49,5013.485,5043.588,5172.433,1368,177.0050000000001,3.509505534551992
2026-01-28,5570.018,5157.059,5172.389,5513.022,1373,412.95899999999983,7.9839122695528095
2026-01-29,5595.349,5094.978,5512.989,5438.589,1377,500.3710000000001,9.076219814695806
2026-01-30,5450.946,4682.526,5438.551,4891.496,1318,768.4200000000001,14.12913108657067
2026-02-02,4884.89,4401.961,4741.564,4774.148,1377,482.9290000000001,10.185014902255881
2026-02-03,4993.649,4745.469,4774.235,4947.236,1377,248.1800000000003,5.198319730805046
2026-02-04,5091.855,4852.203,4947.389,5012.195,1377,239.65199999999913,4.84400963821521
2026-02-05,5020.51,4703.368,5012.269,4703.768,1377,317.1419999999998,6.327314036816456
2026-02-06,4971.478,4655.213,4703.682,4968.145,1318,316.2650000000003,6.723775119151345
2026-02-09,5086.697,4968.921,5036.019,5031.903,1376,117.77599999999984,2.3386726698211393
2026-02-10,5078.663,4998.72,5031.829,5041.55,1377,79.9429999999993,1.588746358431483
2026-02-11,5119.259,5019.052,5041.616,5061.397,1376,100.20700000000033,1.987596834031
2026-02-12,5083.763,4878.366,5061.305,4920.302,1378,205.39699999999993,4.058182622861098
2026-02-13,5046.101,4913.787,4920.054,5042.605,1318,132.3139999999994,2.6892794266079068
2026-02-16,5031.48,4964.573,5019.874,4989.986,1229,66.90699999999924,1.332842218748902
2026-02-17,4991.592,4841.149,4989.899,4859.523,1376,150.4429999999993,3.014950803613446
2026-02-18,5010.974,4858.455,4859.221,4976.255,1377,152.51900000000023,3.1387541336358287
2026-02-19,5022.336,4960.446,4976.015,4987.7,1377,61.89000000000033,1.2437663471673683
2026-02-20,5108.031,4981.699,4987.764,5105.809,1318,126.33200000000033,2.5328383620395902
2026-02-23,5249.439,5122.192,5165.366,5235.933,1378,127.2470000000003,2.463465318817685
2026-02-24,5238.095,5093.319,5235.839,5146.578,1375,144.77599999999984,2.7650964821492763
2026-02-25,5217.614,5136.459,5146.576,5163.125,1378,81.15499999999975,1.5768736340432892
2026-02-26,5205.41,5130.47,5163.219,5184.462,1377,74.9399999999996,1.451420131510974
2026-02-27,5281.253,5166.688,5184.431,5279.022,1318,114.5649999999996,2.2097892709923155
2026-03-02,5419.03,5260.224,5386.641,5345.688,1378,158.80599999999959,2.9481452355930085
2026-03-03,5379.802,4995.96,5345.693,5125.056,1377,383.84199999999964,7.180397377851658
2026-03-04,5205.974,5105.702,5125.116,5164.962,1378,100.27199999999993,1.9564825459560318
2026-03-05,5194.986,5050.681,5164.887,5086.266,1373,144.3050000000003,2.7939623848498583
2026-03-06,5176.565,5062.475,5086.068,5174.067,1318,114.08999999999924,2.243186681735266
2026-03-09,5155.948,5014.438,5075.974,5139.445,1378,141.51000000000022,2.7878393388145843
2026-03-10,5238.432,5124.549,5139.609,5196.851,1377,113.88299999999981,2.215791123410357
2026-03-11,5223.041,5129.795,5196.925,5134.222,1376,93.2460000000001,1.7942533324995087
2026-03-12,5191.657,5054.751,5134.08,5098.163,1377,136.90599999999995,2.666612129144851
2026-03-13,5128.363,5009.525,5098.067,5020.977,1258,118.83800000000065,2.331040372753058
2026-03-16,5038.067,4970.011,4997.434,5012.795,1378,68.05599999999959,1.3618188854520057
2026-03-17,5044.474,4973.345,5012.899,5002.75,1377,71.1289999999999,1.4189194715473001
2026-03-18,5016.311,4804.247,5002.803,4836.86,1378,212.0639999999994,4.238903670602248
2026-03-19,4866.892,4502.61,4836.657,4643.703,1377,364.28200000000015,7.531689760096698
2026-03-20,4735.802,4477.057,4643.631,4497.479,1258,258.7449999999999,5.572040500203395
2026-03-23,4512.782,4098.357,4464.563,4441.191,1377,414.4250000000002,9.282543442661693
2026-03-24,4551.356,4305.617,4441.133,4546.757,1378,245.73899999999958,5.53325018638261
2026-03-25,4602.458,4486.821,4546.67,4498.103,1378,115.63699999999972,2.543333912511788
2026-03-26,4544.567,4350.95,4498.351,4404.911,1377,193.6170000000002,4.30417724183818
2026-03-27,4555.421,4375.187,4404.958,4495.377,1258,180.23400000000038,4.091616764563939
2026-03-30,4580.694,4418.467,4448.666,4513.571,1378,162.22700000000077,3.6466437354479018
2026-03-31,4699.99,4482.562,4513.54,4696.42,1378,217.42799999999988,4.817238797041788
2026-04-01,4800.288,4667.099,4696.362,4784.149,1362,133.1889999999994,2.836003698181686
2026-04-02,4798.722,4553.758,4784.22,4675.248,1258,244.96399999999994,5.1202494868547
2026-04-06,4706.668,4600.547,4610.685,4658.85,1377,106.1210000000001,2.301631970086876
2026-04-07,4836.35,4607.254,4658.955,4833.203,1377,229.09600000000046,4.917325881018393
2026-04-08,4857.34,4699.492,4833.471,4715.52,1377,157.84799999999996,3.265727672722149
2026-04-09,4801.202,4698.134,4715.678,4763.591,1377,103.06800000000021,2.1856454151449745
2026-04-10,4795.16,4730.601,4763.654,4749.32,1258,64.5590000000002,1.355241165710192
2026-04-13,4765.958,4664.642,4671.339,4757.364,1377,101.3159999999998,2.168885623586723
2026-04-14,4850.578,4751.512,4757.642,4836.91,1377,99.06600000000071,2.0822499885447607
2026-04-15,4871.29,4786.07,4836.967,4823.547,1376,85.22000000000025,1.7618478687160832
2026-04-16,4838.319,4772.907,4823.203,4791.644,1378,65.41200000000026,1.3561942136791725
2026-04-17,4889.686,4767.561,4791.552,4832.882,1258,122.125,2.548756645028584
2026-04-20,4833.095,4744.969,4755.285,4821.563,1378,88.1260000000002,1.8532222569204622
2026-04-21,4830.532,4668.17,4821.611,4737.924,1378,162.36200000000008,3.3673807364385078
2026-04-22,4772.287,4723.353,4738.061,4727.939,1378,48.9340000000002,1.0327853524891342
2026-04-23,4753.764,4664.031,4728.005,4695.224,1377,89.73300000000017,1.8979040842807944
2026-04-24,4740.324,4657.657,4695.297,4708.409,1258,82.66699999999946,1.7606340983328523
2026-04-27,4730.124,4666.995,4680.118,4692.035,1377,63.128999999999905,1.348876246282677
2026-04-28,4701.388,4554.677,4692.097,4595.762,1377,146.71100000000024,3.1267682658734515
2026-04-29,4610.188,4510.099,4595.717,4561.717,1377,100.08899999999994,2.1778756176674925
2026-04-30,4646.985,4540.766,4561.621,4626.341,1377,106.21900000000005,2.328536281291235
2026-05-01,4660.228,4559.759,4626.429,4613.396,1258,100.46900000000005,2.171631727191751
2026-05-04,4618.557,4500.602,4613.93,4518.866,1377,117.95499999999993,2.556497389427233
2026-05-05,4595.796,4513.422,4519.021,4593.801,1377,82.3740000000007,1.8228284400537353
2026-05-06,4723.017,4588.283,4593.761,4698.855,1377,134.73399999999947,2.9329780108281525
2026-05-07,4764.782,4681.762,4698.977,4704.064,1377,83.02000000000044,1.7667675325927417
2026-05-08,4749.575,4693.892,4703.996,4715.309,1258,55.68299999999999,1.1837382514781047
2026-05-11,4770.005,4648.154,4691.609,4767.591,1377,121.85099999999966,2.5972113191870774
2026-05-12,4773.652,4637.982,4767.215,4716.694,1378,135.67000000000007,2.845896398631068
2026-05-13,4727.045,4669.361,4716.95,4696.689,1378,57.6840000000002,1.222908871198554
2026-05-14,4718.881,4644.191,4696.333,4652.328,1378,74.69000000000051,1.5903897785783188
2026-05-15,4658.214,4511.162,4652.404,4539.766,1258,147.05199999999968,3.16077451571273
2026-05-18,4588.977,4480.265,4536.965,4581.862,1378,108.71199999999953,2.396139269313286
2026-05-19,4589.369,4464.373,4581.926,4489.452,1378,124.9960000000001,2.7280231064403937
2026-05-20,4553.062,4453.213,4489.396,4546.321,1378,99.84900000000016,2.224107652788931
2026-05-21,4570.947,4488.377,4546.372,4535.299,1378,82.56999999999971,1.8161734235561828
2026-05-22,4540.956,4491.538,4535.552,4507.776,1258,49.418000000000575,1.0895696929502865
2026-05-25,4580.336,4550.32,4567.126,4559.694,1229,30.01600000000053,0.6572185658990036
2026-05-26,4560.161,4482.236,4559.657,4519.734,1376,77.92500000000018,1.7090101294900073
2026-05-27,4525.726,4401.186,4519.674,4447.141,1378,124.53999999999996,2.7555084725137244
2026-05-28,4516.533,4366.232,4446.905,4494.974,1378,150.30100000000039,3.3799013021416107
2026-05-29,4595.189,4492.02,4495.156,4540.363,1258,103.16899999999987,2.2951150082444274
2026-06-01,4546.159,4447.501,4539.409,4484.275,1378,98.65799999999945,2.173366621073348
2026-06-02,4541.595,4462.278,4484.473,4474.199,1378,79.31700000000001,1.7687028107873548
2026-06-03,4496.745,4423.591,4474.127,4457.39,1378,73.15399999999954,1.6350452278176175
2026-06-04,4515.455,4442.914,4457.449,4461.516,1378,72.54100000000017,1.627410655736054
2026-06-05,4475.911,4311.591,4461.474,4328.774,1258,164.3199999999997,3.6830876970256847
2026-06-08,4353.304,4268.309,4343.881,4317.619,1378,84.99499999999989,1.9566604149607203
2026-06-09,4363.463,4210.253,4317.567,4222.118,1378,153.21000000000004,3.5485262880691844
2026-06-10,4228.412,4023.773,4222.169,4047.261,1378,204.63900000000012,4.846774252759663
2026-06-11,4246.339,4036.098,4047.319,4219.785,1378,210.24099999999999,5.1945744825154625
2026-06-12,4235.655,4170.007,4219.997,4218.665,1258,65.64800000000014,1.555640916332408
2026-06-15,4369.303,4285.447,4293.886,4315.715,1378,83.85599999999977,1.9529163093756974
2026-06-16,4354.979,4306.624,4315.658,4331.111,1378,48.35500000000047,1.1204548645884467
2026-06-17,4382.441,4218.832,4331.252,4277.846,1378,163.60899999999947,3.777406625151329
2026-06-18,4329.89,4186.72,4278.178,4188.559,1378,143.17000000000007,3.3465180738155373
2026-06-19,4198.235,4121.603,4188.495,4155.421,1020,76.6319999999996,1.8295831796385005
2026-06-22,4221.317,4139.902,4140.335,4187.682,1378,81.41499999999996,1.966386777881499
2026-06-23,4198.671,4080.831,4187.625,4099.321,1378,117.84000000000015,2.8140055520730756
2026-06-24,4111.984,3958.811,4099.259,4012.325,1378,153.17300000000023,3.7366021517547496
2026-06-25,4044.334,3962.365,4012.27,4014.651,1378,81.96900000000005,2.042958225642842
2026-06-26,4096.054,3982.879,4014.59,4088.245,1258,113.17500000000018,2.8190923606146625
2026-06-29,4075.659,4000.148,4062.635,4015.028,1378,75.51099999999997,1.8586705426404282
2026-06-30,4063.437,3942.099,4014.97,4005.593,1378,121.33799999999974,3.022139642388355
2026-07-01,4115.736,3959.987,4005.653,4035.169,1378,155.7489999999998,3.888229959010424
2026-07-02,4144.132,4030.584,4034.972,4126.116,1378,113.54799999999977,2.8140963555633043
2026-07-03,4195.506,4122.97,4126.208,4174.913,1020,72.53600000000006,1.7579336766348197
2026-07-06,4203.185,4128.412,4183.254,4157.372,1378,74.77300000000014,1.7874362876363743
2026-07-07,4180.45,4092.023,4157.318,4098.576,1378,88.42699999999968,2.1270203530256686
2026-07-08,4134.08,4021.714,4098.471,4076.276,1378,112.36599999999999,2.741656583638142
2026-07-09,4138.194,4054.046,4076.084,4123.547,1378,84.1480000000006,2.064432430735004
2026-07-10,4134.804,4072.793,4123.495,4119.908,1258,62.01099999999997,1.5038456455021765
2026-07-13,4091.138,3986.457,4084.359,4000.913,1378,104.68100000000004,2.5629725496705857
2026-07-14,4103.029,3983.307,4000.977,4053.123,1378,119.72200000000066,2.992319126053478
2026-07-15,4081.502,4017.191,4052.928,4057.9,1378,64.31100000000015,1.5867787436638439
2026-07-16,4061.336,3969.291,4057.945,3985.782,1378,92.04499999999962,2.268266326921622
2026-07-17,4023.877,3959.36,3985.83,4017.5,1258,64.51699999999983,1.618659099861254
2026-07-20,4040.765,3982.626,3995.494,4009.702,1378,58.13899999999967,1.4551141861306678
2026-07-21,4087.492,4003.815,4009.812,4080.667,1378,83.67700000000013,2.086806064723237
2026-07-22,4166.081,4076.583,4080.459,4133.267,1378,89.49800000000005,2.193331681558375
2026-07-23,4141.157,4039.957,4133.319,4046.905,1378,101.20000000000027,2.4483955871782523
2026-07-24,4082.12,4021.844,4046.993,4052.772,1258,60.27599999999984,1.4894021314096624
2026-07-27,4116.292,4065.189,4094.295,4073.195,1378,51.10300000000052,1.2481513911430544
2026-07-28,4074.211,4011.347,4073.146,4025.098,1378,62.86399999999958,1.5433770358342072
2026-07-29,4116.406,3995.836,4024.898,4084.754,1378,120.57000000000016,2.9956038637500915
2026-07-30,4120.398,4028.255,4084.555,4105.897,1378,92.14300000000003,2.255888340345522
2026-07-31,4107.253,4020.803,4105.848,4043.812,1258,86.44999999999982,2.105533375809329
2026-08-03,4079.158,4018.977,4074.839,4053.762,1378,60.18100000000004,1.476892706681173
2026-08-04,4106.425,4042.403,4053.703,4072.308,1378,64.02200000000039,1.5793460941761248
2026-08-05,4281.986,4070.191,4072.356,4278.055,1378,211.79500000000007,5.200797769153779
2026-08-06,4304.246,4223.147,4278.111,4252.14,1378,81.09900000000016,1.8956731136709677
2026-08-07,4371.969,4229.509,4252.394,4342.475,1258,142.46000000000004,3.350112901109352
2026-08-10,4402.621,4313.179,4332.6,4402.264,1378,89.44200000000001,2.06439551308683
2026-08-11,4435.346,4356.622,4402.212,4371.373,1378,78.72399999999925,1.7882827996470694
2026-08-12,4441.423,4366.386,4371.537,4414.262,1378,75.03699999999935,1.7164901040526328
2026-08-13,4449.778,4343.713,4414.599,4356.612,1378,106.06500000000051,2.4025964759200216
2026-08-14,4397.008,4310.827,4356.547,4375.776,1258,86.18099999999959,1.9781951164534572
2026-08-17,4428.7,4368.092,4370.182,4425.733,1378,60.608000000000175,1.3868529960537153
2026-08-18,4436.253,4327.099,4425.739,4332.857,1374,109.15399999999954,2.4663451685695783
2026-08-19,4527.584,4324.382,4333.163,4511.841,1378,203.20200000000023,4.689461254977028
2026-08-20,4541.022,4450.39,4511.898,4526.459,1378,90.6319999999996,2.008733353457893
2026-08-21,4632.13,4508.614,4526.34,4604.044,1258,123.51600000000053,2.7288272644123186
2026-08-24,4682.94,4594.257,4624.199,4679.762,1378,88.68299999999999,1.9178024129151883
2026-08-25,4697.047,4605.205,4679.802,4654.856,1378,91.84199999999964,1.962518927082805
2026-08-26,4670.634,4582.856,4654.638,4623.564,1378,87.77800000000025,1.8858179733848315
2026-08-27,4643.181,4564.795,4623.466,4594.556,1378,78.38599999999951,1.6953947536328702
2026-08-28,4632.047,4445.343,4594.612,4456.134,1258,186.70399999999972,4.063542253404634
2026-08-31,4472.423,4396.333,4458.301,4452.137,1378,76.09000000000015,1.706703966376432
2026-09-01,4461.502,4322.672,4452.22,4324.635,1378,138.83000000000084,3.1182196746791675
2026-09-02,4397.767,4282.227,4324.688,4385.397,1378,115.53999999999996,2.6716378152597358
2026-09-03,4510.953,4382.629,4385.786,4479.843,1378,128.32400000000052,2.9259065535801456
2026-09-04,4490.905,4365.204,4480.209,4430.155,1258,125.70100000000002,2.8056950021751224
2026-09-07,4429.787,4380.933,4423.16,4423.039,1227,48.85400000000027,1.104504471916012
2026-09-08,4443.097,4345.122,4422.829,4350.031,1378,97.97499999999945,2.2152111239208994
2026-09-09,4434.161,4340.916,4349.791,4394.034,1378,93.24499999999989,2.1436662129283888
2026-09-10,4435.004,4311.082,4393.941,4315.239,1378,123.92199999999957,2.8202927622378082
2026-09-11,4402.614,4291.898,4315.164,4349.302,1258,110.71599999999944,2.5657425766436557
2026-09-14,4355.284,4253.404,4332.802,4288.286,1378,101.8799999999992,2.3513652366297655
2026-09-15,4317.392,4261.13,4288.232,4283.306,1378,56.261999999999716,1.3120092383061297
2026-09-16,4368.171,4234.93,4283.373,4271.571,1378,133.24099999999999,3.110656018049327
2026-09-17,4381.363,4266.026,4271.627,4346.397,1378,115.33700000000044,2.700071892981303
2026-09-18,4399.722,4334.052,4346.062,4378.062,1258,65.67000000000007,1.5110230825054976
2026-09-21,4383.454,4322.715,4372.494,4368.405,1378,60.73899999999958,1.3891156854646247
2026-09-22,4376.057,4291.566,4368.471,4363.741,1378,84.49099999999999,1.9341092112091391
2026-09-23,4369.253,4274.555,4363.74,4288.714,1378,94.69799999999941,2.1701109598646897
2026-09-24,4303.403,4243.993,4288.769,4265.093,1378,59.409999999999854,1.3852459761763773
2026-09-25,4315.72,4254.228,4264.983,4285.897,1258,61.49200000000019,1.4417876929403983
