ngay,lai_lo
1767312000,-93.04
1767571200,-260.93
1767657600,-52.78
1767744000,465.62
1767830400,89.68
1767916800,19.05
1768176000,197.33
1768262400,-228.21
1768348800,137.42
1768435200,-178.53
1768521600,121.20
1768780800,80.12
1768867200,254.68
1768953600,725.68
1769040000,-521.56
1769126400,682.58
1769385600,542.46
1769472000,637.13
1769558400,1048.92
1769644800,403.08
1770076800,408.13
1770163200,-1361.27
1770249600,72.46
1770336000,831.29
1770595200,309.66
1770681600,400.54
1770768000,-807.31
1770854400,256.01
1770940800,825.75
1771200000,229.08
1771286400,-540.45
1771372800,-632.07
1771459200,320.81
1771545600,465.64
1771804800,-384.89
1771891200,-75.97
1771977600,205.38
1772064000,493.15
1772150400,-169.97
1772409600,-232.00
1772496000,129.10
1772582400,991.08
1772668800,-23.68
1772755200,827.58
1773014400,124.13
1773100800,-479.10
1773187200,651.47
1773273600,-273.42
1773360000,10.34
1773619200,-60.87
1773705600,443.93
1773792000,-19.80
1773878400,-312.47
1773964800,234.40
1774224000,104.48
1774310400,624.77
1774396800,655.13
1774483200,527.07
1774569600,806.61
1774828800,360.03
1774915200,542.12
1775001600,563.76
1775088000,517.75
1775433600,529.23
1775520000,398.50
1775606400,-76.72
1775692800,-616.68
1775779200,274.47
1776038400,494.20
1776124800,144.54
1776211200,25.96
1776297600,176.88
1776384000,-149.52
1776643200,140.12
1776729600,-171.10
1776816000,287.97
1776902400,8.78
1776988800,54.88
1777248000,21.78
1777334400,-381.12
1777420800,-101.59
1777507200,483.04
1777593600,-267.25
1777852800,-621.33
1777939200,5.16
1778025600,354.77
1778112000,80.45
1778198400,496.23
1778457600,-328.56
1778544000,723.08
1778630400,255.83
1778716800,484.70
1778803200,289.30
1779062400,446.68
1779148800,275.27
1779235200,149.35
1779321600,-269.14
1779408000,145.22
1779667200,181.37
1779753600,207.14
1779840000,-445.87
1779926400,-1639.60
1780012800,326.21
1780272000,-7.30
1780358400,156.93
1780444800,560.89
1780531200,-97.72
1780617600,-1223.53
1780876800,-395.39
1780963200,759.53
1781049600,-67.53
1781136000,-622.63
1781222400,660.64
1781481600,-168.36
1781568000,-25.39
1781654400,-365.54
1781740800,374.69
1781827200,290.03
1782000000,-27.67
1782086400,517.17
1782172800,27.86
1782259200,-766.79
1782345600,487.96
1782432000,-47.75
1782691200,230.73
1782777600,201.43
1782864000,-973.86
1782950400,-149.13
1783036800,127.75
1783209600,-73.58
1783296000,55.18
1783382400,-43.78
1783468800,201.52
1783555200,495.72
1783641600,270.57
1783900800,-339.19
1783987200,-99.21
1784073600,-89.73
1784160000,360.95
1784246400,61.96
1784505600,194.79
1784592000,-0.17
1784678400,-36.13
1784764800,-281.84
1784851200,57.67
1785110400,249.40
1785196800,185.47
1785283200,-235.45
1785369600,-48.80
1785456000,-115.47
1785715200,18.74
1785801600,297.48
1785888000,-135.31
1785974400,-142.15
1786060800,407.70
1786320000,-70.93
1786406400,-26.46
1786492800,487.38
1786579200,327.22
1786665600,-67.73
1786924800,-260.39
1787011200,-93.80
1787097600,-669.77
1787184000,-534.43
1787270400,199.61
1787529600,414.52
1787616000,43.47
1787702400,5.96
1787788800,157.61
1787875200,198.36
1788134400,122.51
1788220800,303.89
1788307200,-384.93
1788393600,-465.02
1788480000,80.87
1788739200,-72.04
1788825600,706.05
1788912000,312.19
1788998400,191.18
1789084800,699.44
1789344000,415.98
1789430400,345.40
1789516800,2.51
1789603200,-177.51
1789689600,90.77
1789948800,410.37
1790035200,194.75
1790121600,420.24
1790208000,374.44
1790294400,417.51
