portfolio,split,pf,trades,total_pct,cagr_pct,max_dd_pct,cagr_over_dd
A: MOM-M15-H1 @1%,dev,1.1282250346852183,313,23.850196414715043,10.009250497922494,19.884711110431716,0.5033641395308751
A: MOM-M15-H1 @1%,val,1.5067736767738493,87,26.63466908328338,37.15334049491139,5.992182019868833,6.200302389299694
A: MOM-M15-H1 @1%,TEST,1.2827668232163363,127,21.64307887557282,29.968906872199085,12.992149159186415,2.3066935658607983
A: MOM-M15-H1 @1%,all,1.223358680807679,527,90.78170398820096,18.853435866033518,19.884711110431716,0.9481372779986137
B: H1 Donchian trail @1%,dev,1.3840360168912302,282,40.94117915773325,16.537725145109917,8.62762562290184,1.9168338854679663
B: H1 Donchian trail @1%,val,1.0739133444113438,116,2.5607645180456995,3.4408180624940776,7.3653552965659275,0.4671625364900384
B: H1 Donchian trail @1%,TEST,1.1605298484107347,101,5.40253007312419,7.293318273207916,9.141862946972275,0.7977934383301398
B: H1 Donchian trail @1%,all,1.2618570569277874,499,52.359727041203485,11.917248507890598,9.459653339781042,1.259797592980975
A+B @0.5% each,dev,1.212827598763217,595,33.73505676670796,13.841783058879598,10.322400837570532,1.3409460915816735
A+B @0.5% each,val,1.306980915344207,203,14.390122726322673,19.706770573588273,5.417778438326292,3.637426446637095
A+B @0.5% each,TEST,1.2423703450037868,228,13.761853667855517,18.827950938890314,9.54044036297569,1.9734886674578849
A+B @0.5% each,all,1.237023942120508,1026,74.03253740854221,15.968847631517114,10.322400837570495,1.5470090614380347
