tf,year,atr_usd_median,atr_pct_of_price,spread_usd_median,spread_over_atr
M1,2023,16.68422834587998,0.05997749267433181,16.54,0.9803159558224186
M1,2024,55.677977755866856,0.08714345448799525,30.8,0.6077974027623654
M1,2025,61.079504791248056,0.06027729183929961,21.6,0.3683087368002215
M1,2026,44.68146560198832,0.06129398327344056,14.0,0.29328673883200246
M1,lag1_autocorr,-0.027967347219347568,,,
M5,2023,40.41376424809553,0.14359465649900666,16.516,0.4048629490294562
M5,2024,128.1719843993095,0.19896293054171627,30.822,0.26217156369472017
M5,2025,151.8874612013378,0.14952883484806995,21.6,0.14728967729618736
M5,2026,109.92546656751452,0.15027116557607315,14.0,0.11862323467014955
M5,lag1_autocorr,-0.010409292840715598,,,
M15,2023,73.96036340378367,0.26143347770314734,16.490333333333332,0.22375571439772815
M15,2024,231.26231382239666,0.3599211673753959,30.816,0.14428427675841748
M15,2025,283.358712196432,0.2788169250876485,21.6,0.07919823615891498
M15,2026,205.66958981342776,0.28015079555574496,14.0,0.06344365562557934
M15,lag1_autocorr,0.0014475093657828123,,,
H1,2023,157.96199256513336,0.5607802545096756,16.494,0.10574164616605954
H1,2024,471.2396016390863,0.73789029685102,30.78766666666667,0.06893854632267588
H1,2025,598.2518268481563,0.5889251217155418,21.6,0.037652208975496065
H1,2026,443.157013524897,0.5947026249471884,14.0,0.030180650580957733
H1,lag1_autocorr,-0.016440540430850595,,,
