test_from,test_to,params,sl_atr,trail,train_pf,trades,win_rate,pf,exp_r,net_pct,max_dd_pct
2024-01-01,2024-04-01,"{""fast"": 20, ""slow"": 50}",3.0,4.0,1.1365225490788373,39,35.8974358974359,1.207929364203054,0.11643093040521883,3.967580945255178,5.748486551900123
2024-04-01,2024-07-01,"{""fast"": 20, ""slow"": 200}",3.0,2.0,1.3987230957303254,16,43.75,0.754696948551531,-0.053904499314735004,-0.874036141741108,2.371898045591784
2024-07-01,2024-10-01,"{""fast"": 20, ""slow"": 200}",3.0,2.0,1.6496573495340219,15,33.33333333333333,1.5654891788143481,0.12411360089007824,1.8255611190198806,1.8757713782280079
2024-10-01,2025-01-01,"{""fast"": 20, ""slow"": 50}",2.0,4.0,1.355285054927584,38,23.684210526315788,0.5782460473810495,-0.27476230577059946,-10.157575812658681,13.109529384190125
2025-01-01,2025-04-01,"{""fast"": 20, ""slow"": 200}",3.0,4.0,2.073669083362444,8,12.5,0.010673796028284934,-0.8093325926362258,-6.298760774504797,6.298760774504797
2025-04-01,2025-07-01,"{""fast"": 20, ""slow"": 200}",3.0,4.0,1.3331063662938558,17,41.17647058823529,0.9543360419520196,-0.021398778106573573,-0.494229782767619,3.1160950705082966
2025-07-01,2025-10-01,"{""fast"": 20, ""slow"": 50}",3.0,4.0,1.2799432861252598,36,44.44444444444444,1.3597532403909323,0.13411428914208162,4.652548158987524,4.4490686275885905
2025-10-01,2026-01-01,"{""fast"": 20, ""slow"": 50}",2.0,2.0,1.2636662143169077,48,35.41666666666667,1.2978734126448712,0.11979741701259106,5.466062980748787,7.4355786903810825
2026-01-01,2026-04-01,"{""fast"": 20, ""slow"": 50}",3.0,4.0,1.2865352545585462,34,23.52941176470588,0.768430592034552,-0.14050754644840224,-4.997279628623863,9.099266947740176
2026-04-01,2026-07-01,"{""fast"": 9, ""slow"": 50}",2.0,2.0,1.2001500201285333,78,25.64102564102564,0.44817398220014926,-0.24497562593952688,-17.590168393507632,17.590168393507632
