signal_time,entry_time,exit_time,dir,risk,pnl,reason,spread_at_entry,r,tag_adx,tag_atr_pct,tag_er
2023-01-07 14:30:00,2023-01-07 14:45:00,2023-01-08 16:06:00,1,40.812596114751294,17.903205180333316,4,10.0,0.43866861911934063,26.863125586341763,0.048,0.11954415954416292
2023-01-08 20:45:00,2023-01-08 21:00:00,2023-01-09 06:54:00,1,56.24005949097938,213.13325401202746,4,10.0,3.7897053442166606,20.138509480573852,0.434,0.22904648795385174
2023-01-10 09:00:00,2023-01-10 09:15:00,2023-01-10 14:52:00,1,74.43325603241314,-42.11434137654942,4,10.0,-0.5658000686979227,22.87946464142479,0.616,0.3138522356963352
2023-01-11 18:45:00,2023-01-11 19:00:00,2023-01-12 02:56:00,1,119.09217833513463,710.2604288864859,4,10.0,5.963955306013111,29.354077326335403,0.932,0.15231873192674478
2023-01-18 02:30:00,2023-01-18 02:45:00,2023-01-18 14:38:00,1,220.90504563322244,34.58993915570318,4,10.0,0.15658283882358326,13.823565210472385,0.348,0.01824366958382875
2023-01-19 15:30:00,2023-01-19 15:45:00,2023-01-20 05:40:00,1,195.98139942518677,35.681467433085345,4,10.0,0.18206558141608872,22.00696563490198,0.286,0.27415083915950467
2023-01-22 14:45:00,2023-01-22 15:00:00,2023-01-22 15:22:00,1,201.56510167278617,-192.64346889704757,4,10.0,-0.955738207151446,18.79341492990742,0.452,0.1954767238469313
2023-01-23 09:30:00,2023-01-23 09:45:00,2023-01-23 13:51:00,1,170.26326969935363,-41.107692932469945,4,10.0,-0.24143605960966696,13.633099484169772,0.21,0.08407800325747261
2023-01-25 19:30:00,2023-01-25 19:45:00,2023-01-25 22:09:00,1,219.04946813361943,786.9940424885062,4,10.0,3.5927685613390423,17.242196845156272,0.41,0.29067512280751034
2023-01-26 13:15:00,2023-01-26 13:30:00,2023-01-26 14:51:00,1,221.60692193682797,-150.02589591576907,4,10.0,-0.6769910190735647,24.620793010537227,0.394,0.17199648955333913
2023-01-26 19:30:00,2023-01-26 19:45:00,2023-01-27 01:36:00,1,245.0962460329688,-242.93499471062387,4,10.0,-0.9911820300909292,21.122264891628923,0.528,0.048201989288444234
2023-01-27 07:45:00,2023-01-27 08:00:00,2023-01-27 12:47:00,1,203.39220732767205,-203.39220732767353,1,10.0,-1.0000000000000073,26.712812017769934,0.288,0.41649512418673945
2023-01-31 13:30:00,2023-01-31 13:45:00,2023-01-31 21:17:00,1,176.33266148211317,-108.93021530948317,4,10.0,-0.6177540473438203,15.935922935254926,0.346,0.3097879877064123
2023-02-02 15:30:00,2023-02-02 15:45:00,2023-02-02 19:22:00,1,283.93864785188873,-31.50486380251823,4,10.0,-0.11095658882954233,14.995329293447424,0.884,0.013904587234221161
2023-02-03 16:00:00,2023-02-03 16:15:00,2023-02-03 19:26:00,1,294.0600049541492,-294.0600049541499,1,10.0,-1.0000000000000024,22.7127445597199,0.838,0.24288335764362448
2023-02-04 13:00:00,2023-02-04 13:15:00,2023-02-04 14:18:00,1,113.36622278404252,-74.67496371205561,4,10.0,-0.6587055815938052,20.778724648528456,0.032,0.5002856598743101
2023-02-05 07:30:00,2023-02-05 07:45:00,2023-02-05 12:50:00,1,92.22517966348451,-92.2251796634846,1,10.0,-1.0000000000000009,16.68689284965009,0.006,0.28421137490428083
2023-02-06 23:00:00,2023-02-06 23:15:00,2023-02-07 04:32:00,-1,203.73056218730696,-182.6507495830774,4,10.0,-0.8965309260529647,19.51505094484514,0.634,0.48154325455517916
2023-02-08 11:00:00,2023-02-08 11:15:00,2023-02-08 16:39:00,-1,114.06404198219818,304.0146106903994,4,10.0,2.66529754169019,31.11132376621155,0.142,0.20569174415328373
2023-02-11 10:30:00,2023-02-11 10:45:00,2023-02-11 12:10:00,-1,78.59274834449059,-78.59274834449025,1,10.0,-0.9999999999999957,14.485140735104556,0.002,0.1584843115962668
2023-02-11 18:30:00,2023-02-11 18:45:00,2023-02-11 21:45:00,-1,101.49582379471104,-101.4958237947103,1,10.0,-0.9999999999999927,17.431775378482655,0.096,0.3530094714329363
2023-02-12 22:15:00,2023-02-12 22:30:00,2023-02-13 18:33:00,-1,198.82928015712227,150.50429312383858,4,10.0,0.7569523613670205,33.66472094114481,0.662,0.47200451312633623
2023-02-17 15:15:00,2023-02-17 15:30:00,2023-02-17 21:59:00,1,402.89294011627686,420.85941317829565,4,10.0,1.044593665644361,20.93408602721832,0.88,0.2259777346451602
2023-02-22 23:30:00,2023-02-22 23:45:00,2023-02-23 11:20:00,1,309.6984667550023,39.73871099333337,4,10.0,0.1283141999691269,28.23747759705,0.586,0.3377308139284672
2023-03-01 19:45:00,2023-03-01 20:00:00,2023-03-01 23:34:00,-1,276.61763240805703,-276.61763240805885,1,10.0,-1.0000000000000067,19.788115887781878,0.818,0.3878096639686051
2023-03-04 14:00:00,2023-03-04 14:15:00,2023-03-04 22:22:00,-1,74.82551682750739,60.74264422998749,4,10.0,0.8117905068402715,14.676232505085519,0.002,0.17140330933434392
2023-03-08 18:15:00,2023-03-08 18:30:00,2023-03-09 21:15:00,-1,224.08053964845007,1597.9159471354033,4,10.0,7.130989373920208,25.058733890708798,0.888,0.07442937479325012
2023-03-11 08:45:00,2023-03-11 09:00:00,2023-03-11 20:37:00,-1,397.3542129894069,-397.35421298940855,1,10.0,-1.0000000000000042,25.565657284147818,0.91,0.2566932516984859
2023-03-15 13:30:00,2023-03-15 13:45:00,2023-03-15 15:55:00,1,588.8064672357636,-588.806467235765,1,10.0,-1.0000000000000022,24.08625636325725,0.808,0.0667254824414645
2023-03-18 19:15:00,2023-03-18 19:30:00,2023-03-18 22:57:00,1,516.6868580647382,-516.6868580647388,1,10.0,-1.000000000000001,29.49490351497458,0.622,0.10027817604744951
2023-03-19 12:30:00,2023-03-19 12:45:00,2023-03-19 17:01:00,1,326.7081215414643,431.6791712780432,4,10.0,1.3212991744475395,19.166692060249193,0.13,0.2841517602825561
2023-03-20 07:45:00,2023-03-20 08:00:00,2023-03-20 13:37:00,1,518.3155056709622,-414.9373408946194,4,10.0,-0.800549735353722,30.413413208205863,0.752,0.44339561380206205
2023-03-23 08:00:00,2023-03-23 08:15:00,2023-03-23 13:16:00,1,295.13661643446613,-295.1366164344654,1,10.0,-0.9999999999999974,21.242820676350163,0.17,0.3833279441246845
2023-03-23 15:00:00,2023-03-23 15:15:00,2023-03-23 18:43:00,1,495.227571826518,-261.24342910202176,4,10.0,-0.5275219797203402,26.826497010036007,0.742,0.44050488670728083
2023-03-25 15:30:00,2023-03-25 15:45:00,2023-03-25 17:27:00,1,243.1627526139942,-176.60700348532555,4,10.0,-0.7262913484355814,20.032746305270592,0.106,0.1959409314653514
2023-03-26 01:15:00,2023-03-26 01:30:00,2023-03-26 14:30:00,1,236.55908214935064,294.3278904675317,4,10.0,1.2442045673888307,18.081070374549434,0.07,0.3626699273538124
2023-03-31 13:30:00,2023-03-31 13:45:00,2023-04-01 14:42:00,1,385.34785295808496,-169.37713727744995,4,10.0,-0.439543482537253,26.205319321575512,0.874,0.6496030048903854
2023-04-03 08:45:00,2023-04-03 09:00:00,2023-04-03 12:47:00,1,318.04692821579323,-270.75257095439156,4,10.0,-0.8512975505636303,35.16128533400517,0.656,0.5308264720029402
2023-04-03 19:30:00,2023-04-03 19:45:00,2023-04-03 20:11:00,1,327.8434284480794,-327.84342844807907,1,10.0,-0.999999999999999,18.178506432188627,0.746,0.08327622528490293
2023-04-04 06:45:00,2023-04-04 07:00:00,2023-04-04 15:10:00,1,269.18837939643447,-33.357839195246925,4,10.0,-0.12392005654196811,15.904041039191359,0.426,0.3535771146833765
2023-04-12 12:45:00,2023-04-12 13:00:00,2023-04-12 15:07:00,1,284.5889702236676,-210.91196029822095,4,10.0,-0.7411108031785577,17.20936475669788,0.812,0.2025493766633978
2023-04-18 06:15:00,2023-04-18 06:30:00,2023-04-18 14:25:00,1,203.67551705685608,494.42264392419384,4,10.0,2.427501601904247,21.77765539253528,0.478,0.6272892332766181
2023-04-27 04:00:00,2023-04-27 04:15:00,2023-04-28 13:45:00,1,707.723427656214,-60.8312368749539,4,10.0,-0.08595340283761735,15.519835984546546,0.934,0.18090614556667148
2023-05-02 13:15:00,2023-05-02 13:30:00,2023-05-02 14:23:00,-1,229.54382690666824,-176.6584358755572,4,10.0,-0.7696065638366565,18.22072298720632,0.36,0.034997615966213085
2023-05-03 06:00:00,2023-05-03 06:15:00,2023-05-03 06:51:00,-1,229.34018482760376,-229.3401848276044,1,10.0,-1.0000000000000027,34.82763206124306,0.358,0.18524398785897928
2023-05-03 12:45:00,2023-05-03 13:00:00,2023-05-03 16:59:00,-1,288.9230920008282,-200.34078933443743,4,10.0,-0.6934052517126709,23.722477029980286,0.566,0.43088558184923514
2023-05-05 13:30:00,2023-05-05 13:45:00,2023-05-06 03:27:00,1,352.452126367561,184.96383150992187,4,10.0,0.5247913622090877,23.70399141365215,0.73,0.07094519881463199
2023-05-07 07:45:00,2023-05-07 08:00:00,2023-05-07 16:31:00,1,220.24223089592095,-114.28630786122449,4,10.0,-0.5189118698821769,10.090172705809701,0.084,0.17321625381682731
2023-05-09 14:15:00,2023-05-09 14:30:00,2023-05-09 17:00:00,-1,280.27101526032664,-280.27101526032493,1,10.0,-0.9999999999999939,21.896091609114695,0.52,0.20720921590487132
2023-05-09 22:15:00,2023-05-09 22:30:00,2023-05-10 01:23:00,-1,257.40892062279283,-257.40892062279454,1,10.0,-1.0000000000000067,16.25956551507642,0.398,0.0987463222696183
2023-05-10 07:15:00,2023-05-10 07:30:00,2023-05-10 12:15:00,-1,175.02565710449568,-175.02565710449562,1,10.0,-0.9999999999999997,21.273984269158273,0.02,0.43230434782608823
2023-05-10 18:15:00,2023-05-10 18:30:00,2023-05-12 18:30:00,-1,561.7708629147161,1132.7900000000009,3,10.0,2.016462715995245,45.30899220264768,0.994,0.2847935419214252
2023-05-14 00:45:00,2023-05-14 01:00:00,2023-05-14 14:59:00,-1,250.69842058635888,-232.85456078181232,4,10.0,-0.9288234055770613,27.523956817961935,0.436,0.15632984159427124
2023-05-15 22:30:00,2023-05-15 22:45:00,2023-05-16 03:37:00,-1,219.52522261981113,137.60970317358806,4,10.0,0.6268514457307259,20.220231779099,0.394,0.25299743834599
2023-05-18 14:30:00,2023-05-18 14:45:00,2023-05-18 19:34:00,-1,278.93798203254073,454.32269062328123,4,10.0,1.6287587918746764,19.130118963955688,0.906,0.27333885187958656
2023-05-21 09:00:00,2023-05-21 09:15:00,2023-05-21 12:34:00,-1,97.13938595323071,122.01081872902796,4,10.0,1.2560386040300069,36.118739114436,0.102,0.6678204267190071
2023-05-30 03:00:00,2023-05-30 03:15:00,2023-05-30 05:10:00,1,198.95576993595682,-134.34435991461214,4,10.0,-0.6752473675825392,16.050104040693608,0.56,0.2935365853658501
2023-05-31 23:30:00,2023-05-31 23:45:00,2023-06-01 00:38:00,1,194.56889205748934,-183.60518940998736,4,10.0,-0.9436513076085024,22.88742382730068,0.446,0.35756278247867507
2023-06-01 19:45:00,2023-06-01 20:00:00,2023-06-02 02:13:00,-1,285.74870937426704,-8.588279165691347,4,10.0,-0.030055355926184142,18.94846355958323,0.896,0.02861477967260999
2023-06-07 09:45:00,2023-06-07 10:00:00,2023-06-07 11:22:00,-1,291.9773407348931,-266.3431209798582,4,10.0,-0.9122047632514401,26.114235709294185,0.804,0.5330445617990899
2023-06-08 13:15:00,2023-06-08 13:30:00,2023-06-08 14:31:00,-1,232.33884079565001,-232.33884079565178,1,10.0,-1.0000000000000075,12.5245798414304,0.568,0.0792751444171885
2023-06-11 03:45:00,2023-06-11 04:00:00,2023-06-11 16:42:00,-1,208.15190752754023,-197.02587670338835,4,10.0,-0.9465485041366732,10.387471924798401,0.336,0.3194836146971118
2023-06-13 15:00:00,2023-06-13 15:15:00,2023-06-15 15:28:00,-1,324.7906238763551,932.7599999999984,3,10.0,2.8718809332226654,24.51757617857799,0.908,0.23153126193154364
2023-06-19 12:30:00,2023-06-19 12:45:00,2023-06-19 14:18:00,1,129.04809076862975,-129.04809076862875,1,10.0,-0.9999999999999923,30.030334435520658,0.132,0.35296837967512323
2023-06-20 11:45:00,2023-06-20 12:00:00,2023-06-20 14:08:00,1,156.6458109989298,-139.92108133190777,4,10.0,-0.8932321933132558,13.953869976354191,0.362,0.28162451725426635
2023-06-20 15:45:00,2023-06-20 16:00:00,2023-06-20 19:10:00,1,264.2827008562716,711.3430655249722,4,10.0,2.6915990460981076,18.974377764635438,0.844,0.3487012701621816
2023-06-22 19:30:00,2023-06-22 19:45:00,2023-06-23 16:23:00,1,390.48737414279714,702.8201678096048,4,10.0,1.799853758018283,10.940491966553193,0.772,0.35225858194304016
2023-06-29 06:30:00,2023-06-29 06:45:00,2023-06-29 13:57:00,1,157.9047845694392,389.6402872407489,4,10.0,2.46756479420928,9.716368556098821,0.002,0.10885581849231522
2023-07-06 05:30:00,2023-07-06 05:45:00,2023-07-06 09:40:00,1,173.0694250213412,664.4007666382131,4,10.0,3.8389262953654915,12.354798870618083,0.43,0.35373341654420537
2023-07-14 15:15:00,2023-07-14 15:30:00,2023-07-14 16:31:00,1,255.91957030133975,-255.91957030133926,1,10.0,-0.9999999999999981,21.51095669794515,0.724,0.26585532020314734
2023-07-16 20:00:00,2023-07-16 20:15:00,2023-07-17 01:35:00,-1,158.703992148765,-37.88532286502232,4,10.0,-0.2387168864001203,32.07060941028034,0.368,0.3269726940442928
2023-07-18 04:15:00,2023-07-18 04:30:00,2023-07-18 14:23:00,-1,195.65412283687016,123.45783621750525,4,10.0,0.631000432944826,14.133628423296317,0.562,0.1150926207105993
2023-07-20 15:00:00,2023-07-20 15:15:00,2023-07-21 18:01:00,-1,308.3213304634173,-160.60510728455847,4,10.0,-0.5209017068107601,34.518233296038694,0.966,0.6134168073532242
2023-07-25 11:30:00,2023-07-25 11:45:00,2023-07-25 13:35:00,-1,114.49390875365148,-115.79999999999927,1,10.0,-1.0114075173130652,22.48869368665396,0.224,0.05721192586622949
2023-07-26 00:45:00,2023-07-26 01:00:00,2023-07-26 02:58:00,-1,113.23232499790817,-101.09643333054191,4,10.0,-0.8928230815044162,17.12062945217367,0.238,0.17339587870663778
2023-07-26 09:45:00,2023-07-26 10:00:00,2023-07-26 13:11:00,-1,124.23296707303363,-124.23296707303234,1,10.0,-0.9999999999999896,14.215291018178796,0.358,0.032815495093415956
2023-07-27 14:45:00,2023-07-27 15:00:00,2023-07-28 00:47:00,-1,144.22673702629282,65.10768396494313,4,10.0,0.4514258958314634,17.125176836786345,0.536,0.4949413410827753
2023-08-02 13:15:00,2023-08-02 13:30:00,2023-08-02 17:17:00,-1,172.31304340564225,212.15927545914383,4,10.0,1.2312432725112952,21.264342628322495,0.716,0.07664453832226667
2023-08-06 03:15:00,2023-08-06 03:30:00,2023-08-06 05:18:00,-1,39.507635133506106,-39.507635133504664,1,10.0,-0.9999999999999635,12.966888311373328,0.008,0.1244860820920391
2023-08-14 14:30:00,2023-08-14 14:45:00,2023-08-14 17:51:00,1,142.6264684337705,-56.718624578359595,4,10.0,-0.39767250217442807,18.61587313397944,0.748,0.39264900508486966
2023-08-23 11:15:00,2023-08-23 11:30:00,2023-08-23 13:52:00,-1,157.41677796956867,-105.59903729275902,4,10.0,-0.6708245376053441,16.41134918703432,0.404,0.26691800585522085
2023-08-24 13:15:00,2023-08-24 13:30:00,2023-08-24 18:01:00,-1,152.72369739132992,290.2784034782271,4,10.0,1.9006768984543072,17.516236739356255,0.414,0.13105861148905584
2023-08-25 14:30:00,2023-08-25 14:45:00,2023-08-25 21:56:00,-1,240.6826807948576,-180.70024105981065,4,10.0,-0.7507820690007516,19.6288481252281,0.794,0.36433359735719034
2023-08-28 20:45:00,2023-08-28 21:00:00,2023-08-28 23:18:00,-1,156.26568941592467,-156.26568941592632,1,10.0,-1.0000000000000107,34.03345159786923,0.674,0.24668950828780173
2023-09-02 08:30:00,2023-09-02 08:45:00,2023-09-02 14:47:00,-1,108.73981549095117,-108.7398154909497,1,10.0,-0.9999999999999865,15.246488059301209,0.078,0.011741562672895278
2023-09-04 11:15:00,2023-09-04 11:30:00,2023-09-04 16:34:00,-1,119.7923137108057,55.58691505225943,4,10.0,0.464027393163584,16.477877323122428,0.258,0.1369813723047935
2023-09-05 14:00:00,2023-09-05 14:15:00,2023-09-05 15:14:00,-1,162.202482351987,-127.01997646931704,4,10.0,-0.7830951452005386,10.33925653380898,0.64,0.011516946363932905
2023-09-05 18:00:00,2023-09-05 18:15:00,2023-09-06 17:29:00,-1,200.27197214489007,63.69070380681296,4,10.0,0.31802105469224057,11.99254226746383,0.768,0.0838970787204265
2023-09-07 10:30:00,2023-09-07 10:45:00,2023-09-07 13:41:00,-1,81.14316700653143,-12.300889342041046,4,10.0,-0.15159488834162604,18.449480737601974,0.038,0.25912890453145576
2023-09-08 10:00:00,2023-09-08 10:15:00,2023-09-10 10:15:00,-1,262.3706752097719,-107.90000000000146,3,10.0,-0.41125022799797545,28.236137850734874,0.936,0.6711936486905229
2023-09-11 01:00:00,2023-09-11 01:15:00,2023-09-11 16:10:00,-1,196.9156305528146,515.6458259295796,4,10.0,2.618612978979739,22.259823999133552,0.792,0.1712023491164605
2023-09-12 23:45:00,2023-09-13 00:00:00,2023-09-13 07:38:00,-1,252.4758882685931,-252.47588826859283,1,10.0,-0.9999999999999989,26.040099539294527,0.74,0.2092391684748393
2023-09-15 02:15:00,2023-09-15 02:30:00,2023-09-15 11:57:00,1,165.61800671865797,-142.83400895820887,4,10.0,-0.8624304312564683,18.08869363759572,0.306,0.013531919409904539
2023-09-15 22:30:00,2023-09-15 22:45:00,2023-09-15 23:47:00,1,177.9570096582142,-84.91601287762023,4,10.0,-0.4771714979966829,24.80120271549571,0.346,0.5245597925023745
2023-09-16 14:00:00,2023-09-16 14:15:00,2023-09-17 00:54:00,1,108.71878554307173,-97.99838072409693,4,10.0,-0.9013932618413252,11.57222060096373,0.012,0.15641215715344486
2023-09-18 02:30:00,2023-09-18 02:45:00,2023-09-18 14:08:00,1,181.59119886861816,560.598401508505,4,10.0,3.0871452195989955,29.081696443699283,0.628,0.20930154522422897
2023-09-22 08:00:00,2023-09-22 08:15:00,2023-09-22 10:39:00,1,143.43606845807628,-143.43606845807517,1,10.0,-0.9999999999999922,11.356498877543618,0.262,0.23891184725199463
2023-09-22 12:15:00,2023-09-22 12:30:00,2023-09-22 17:46:00,1,117.1037582098013,-117.10375820979971,1,10.0,-0.9999999999999865,10.42387250966526,0.136,0.1346175714708064
2023-09-23 14:00:00,2023-09-23 14:15:00,2023-09-23 18:07:00,-1,65.5787020780561,-65.57870207805536,1,10.0,-0.9999999999999888,16.13089349534301,0.03,0.09188667539807313
2023-09-26 08:15:00,2023-09-26 08:30:00,2023-09-26 12:08:00,-1,89.962160573791,-60.79954743172493,4,10.0,-0.6758346736443087,21.752205612535345,0.292,0.580913057758199
2023-09-27 16:45:00,2023-09-27 17:00:00,2023-09-28 00:20:00,-1,256.1524299403338,-225.4565732537776,4,10.0,-0.8801656627122131,35.195183415540164,0.968,0.46912712772498305
2023-10-01 21:45:00,2023-10-01 22:00:00,2023-10-01 22:18:00,1,123.2888512993008,623.6148649342649,4,10.0,5.0581610450757895,33.83174827354497,0.358,0.21453722334004163
2023-10-04 07:45:00,2023-10-04 08:00:00,2023-10-04 13:46:00,1,149.27023689126992,-18.456982521693135,4,10.0,-0.12364810900070725,13.313808450785084,0.378,0.10040301384264133
2023-10-04 17:00:00,2023-10-04 17:15:00,2023-10-04 19:39:00,1,215.34208198451665,-23.582775979353755,4,10.0,-0.10951308616515273,25.497149769513545,0.59,0.017558705309922366
2023-10-05 10:15:00,2023-10-05 10:30:00,2023-10-05 13:39:00,1,124.12231762369973,253.55357650173391,4,10.0,2.042771850832092,18.899388074628796,0.274,0.030121047199027726
2023-10-10 02:45:00,2023-10-10 03:00:00,2023-10-10 11:25:00,1,137.42319557933882,-137.42319557934024,1,10.0,-1.0000000000000104,18.40134876434683,0.374,0.14779554994650304
2023-10-12 08:00:00,2023-10-12 08:15:00,2023-10-12 11:48:00,-1,115.29187180229763,-50.192495736398996,4,10.0,-0.4353515555933468,15.195422688643058,0.188,0.16914684913153502
2023-10-14 12:00:00,2023-10-14 12:15:00,2023-10-14 13:25:00,-1,47.43161142425367,-47.43161142425379,1,10.0,-1.0000000000000024,8.181369885564841,0.002,0.1406423034330104
2023-10-14 19:45:00,2023-10-14 20:00:00,2023-10-15 01:42:00,-1,61.458919066442526,-29.695225421924988,4,10.0,-0.4831719443327961,17.148319065593547,0.052,0.0786678667866941
2023-10-17 08:00:00,2023-10-17 08:15:00,2023-10-17 12:55:00,1,260.15985966010766,-211.75981288014373,4,10.0,-0.8139603594374729,23.538262934874503,0.866,0.11088779323556218
2023-10-18 03:15:00,2023-10-18 03:30:00,2023-10-18 04:58:00,1,174.4898517965883,256.08686427121575,4,10.0,1.4676318515632027,17.12947254027872,0.552,0.03637301460256658
2023-10-22 04:30:00,2023-10-22 04:45:00,2023-10-22 07:06:00,1,158.24335373669982,24.608861684402655,4,10.0,0.15551276627610658,14.246792389418793,0.138,0.14841652776559353
2023-10-24 22:45:00,2023-10-24 23:00:00,2023-10-25 23:04:00,1,647.0598280934894,104.84356254200975,4,10.0,0.16203070873820588,19.301362397395486,0.86,0.1935986462643314
2023-10-27 07:00:00,2023-10-27 07:15:00,2023-10-27 12:30:00,1,239.23882518996544,-239.23882518996834,1,10.0,-1.0000000000000122,13.652983403936998,0.182,0.21213657876944833
2023-10-27 13:45:00,2023-10-27 14:00:00,2023-10-27 14:31:00,1,261.3134953881007,-261.3134953881017,1,10.0,-1.000000000000004,11.757046738818978,0.246,0.07958270551293005
2023-10-28 02:15:00,2023-10-28 02:30:00,2023-10-28 11:37:00,1,143.07488926721996,359.7734809770409,4,10.0,2.5145815790574857,11.842951756305013,0.01,0.399684130269025
2023-10-30 09:45:00,2023-10-30 10:00:00,2023-10-30 16:40:00,1,289.23696138843053,-76.049281851243,4,10.0,-0.2629307177277135,30.361021385878782,0.662,0.19542854912064989
2023-11-03 15:00:00,2023-11-03 15:15:00,2023-11-03 17:34:00,1,354.7015895951141,-354.7015895951117,1,10.0,-0.9999999999999932,34.90789639122088,0.736,0.5321179945151512
2023-11-05 19:00:00,2023-11-05 19:15:00,2023-11-05 21:31:00,1,249.56929708362208,-249.5692970836244,1,10.0,-1.0000000000000093,27.830662235628232,0.45,0.2773982419262426
2023-11-06 01:00:00,2023-11-06 01:15:00,2023-11-06 05:22:00,1,319.87729976383287,-319.8772997638298,1,10.0,-0.9999999999999905,20.325975509419845,0.634,0.04669056754093422
2023-11-07 18:15:00,2023-11-07 18:30:00,2023-11-07 22:05:00,1,379.63000085577073,199.26666552563984,4,10.0,0.5248970446920641,33.33779406083761,0.934,0.3778347968827216
2023-11-10 02:15:00,2023-11-10 02:30:00,2023-11-10 08:17:00,1,406.16225413386724,-366.30967217848956,4,10.0,-0.901880143834728,16.150606275995855,0.774,0.10129672384830128
2023-11-14 07:45:00,2023-11-14 08:00:00,2023-11-14 09:49:00,1,193.951123317184,-193.951123317187,1,10.0,-1.0000000000000155,27.771038427341033,0.22,0.5326751110507506
2023-11-17 12:45:00,2023-11-17 13:00:00,2023-11-17 14:41:00,1,333.9776538664402,-333.9776538664373,1,10.0,-0.9999999999999913,12.169084137655432,0.546,0.27416177306307665
2023-11-17 18:30:00,2023-11-17 18:45:00,2023-11-19 18:58:00,1,571.2152441669738,398.679999999993,3,10.0,0.6979505607932508,25.07492680974721,0.892,0.014370868375342032
2023-11-22 10:00:00,2023-11-22 10:15:00,2023-11-22 14:53:00,1,320.91802218222006,-320.9180221822171,1,10.0,-0.9999999999999908,19.92510549485149,0.532,0.17770723104056352
2023-11-22 18:00:00,2023-11-22 18:15:00,2023-11-22 23:07:00,1,396.3772015023942,613.6270646634803,4,10.0,1.548088695156131,14.484677452762456,0.682,0.158655970631221
2023-11-26 22:30:00,2023-11-26 22:45:00,2023-11-26 23:12:00,1,317.7002567430983,-317.70025674309727,1,10.0,-0.9999999999999968,38.33790420873147,0.5,0.3690647963230093
2023-11-27 01:15:00,2023-11-27 01:30:00,2023-11-27 02:44:00,1,329.8790643289721,-329.8790643289685,1,10.0,-0.9999999999999891,24.758472499583394,0.558,0.08254546505912354
2023-11-27 23:45:00,2023-11-28 00:00:00,2023-11-28 05:08:00,1,330.45231603811203,-330.4523160381141,1,10.0,-1.0000000000000062,21.215440699470257,0.588,0.28264918937564315
2023-12-05 12:30:00,2023-12-05 12:45:00,2023-12-05 17:30:00,1,338.70761480364393,1734.0798469284782,4,10.0,5.119695487016911,18.45944209218948,0.538,0.36049385090240454
2023-12-07 02:15:00,2023-12-07 02:30:00,2023-12-07 08:51:00,1,351.37819918969774,-351.3781991896976,1,10.0,-0.9999999999999997,16.187560110889013,0.38,0.12818970625956508
2023-12-08 03:15:00,2023-12-08 03:30:00,2023-12-08 07:31:00,1,348.230576459976,-348.23057645997324,1,10.0,-0.999999999999992,13.62445773761155,0.262,0.07082656185041067
2023-12-08 11:45:00,2023-12-08 12:00:00,2023-12-08 22:59:00,1,382.2319536240839,595.7873951678848,4,10.0,1.558706407245658,22.518848431385255,0.318,0.22387021078610336
2023-12-12 02:30:00,2023-12-12 02:45:00,2023-12-12 14:56:00,1,584.7927000576451,-584.4436000768619,4,10.0,-0.9994030363567316,29.775547179010896,0.85,0.3893893893893918
2023-12-12 15:15:00,2023-12-12 15:30:00,2023-12-12 18:28:00,-1,558.8835763578138,-169.37810181042005,4,10.0,-0.3030650907908934,19.405207637098563,0.802,0.36387478452178373
2023-12-14 17:45:00,2023-12-14 18:00:00,2023-12-15 13:05:00,1,774.8935093865475,-774.8935093865439,1,10.0,-0.9999999999999953,26.581075023622148,0.91,0.04211295389785872
2023-12-16 05:00:00,2023-12-16 05:15:00,2023-12-16 20:49:00,1,322.3406942215923,15.142407704544894,4,10.0,0.046976407186538116,16.571308204579303,0.008,0.1931338997896073
2023-12-17 22:15:00,2023-12-17 22:30:00,2023-12-18 07:31:00,-1,383.2079587356802,436.37605501909275,4,10.0,1.1387447600483829,19.138760221627678,0.428,0.4132138343100069
2023-12-21 03:00:00,2023-12-21 03:15:00,2023-12-21 14:59:00,1,510.5440579437178,-1.7754105916246772,4,10.0,-0.0034774875233596347,33.39348722828016,0.694,0.07207265482489864
2023-12-25 13:00:00,2023-12-25 13:15:00,2023-12-26 05:10:00,1,391.36206680566323,-391.362066805661,1,10.0,-0.9999999999999943,26.760052559738984,0.49,0.3272360746212014
2023-12-28 06:45:00,2023-12-28 07:00:00,2023-12-29 03:35:00,-1,445.03608771112886,333.11854971849243,4,10.0,0.7485203086153281,21.200579470533317,0.772,0.3405124824915505
2023-12-29 06:45:00,2023-12-29 07:00:00,2023-12-29 10:11:00,-1,395.67373339114,-230.21497785485553,4,10.0,-0.5818303274311071,11.991550643291385,0.464,0.17302286844571002
2023-12-29 16:15:00,2023-12-29 16:30:00,2023-12-29 23:46:00,-1,568.2145481202524,192.14060250633338,4,10.0,0.3381479815009423,25.261745866490056,0.984,0.37216359908725777
2024-01-01 03:30:00,2024-01-01 03:45:00,2024-01-01 09:38:00,-1,364.1642366634698,-364.16423666346964,1,10.0,-0.9999999999999996,15.82594512006847,0.25,0.3499601641840739
2024-01-03 02:15:00,2024-01-03 02:30:00,2024-01-03 11:14:00,1,562.1403892487966,-562.1403892487942,1,10.0,-0.9999999999999958,14.076994147135807,0.752,0.29326271283806915
2024-01-04 05:30:00,2024-01-04 05:45:00,2024-01-04 08:18:00,1,506.0555524315283,-506.05555243152776,1,10.0,-0.9999999999999989,18.191671057671225,0.61,0.2860571842637649
2024-01-04 11:30:00,2024-01-04 11:45:00,2024-01-05 00:38:00,1,573.8576239720089,800.8465013706518,4,10.0,1.3955491186603364,12.931608320755949,0.656,0.009226034919161484
2024-01-05 09:00:00,2024-01-05 09:15:00,2024-01-05 14:42:00,1,575.1271408366036,-575.127140836601,1,10.0,-0.9999999999999954,22.17633823830784,0.516,0.5352665393297508
2024-01-10 18:00:00,2024-01-10 18:15:00,2024-01-10 20:12:00,1,1158.5490499647879,-1080.6820666197164,4,10.0,-0.9327892217015429,31.620499048345827,0.974,0.31425989907131124
2024-01-11 10:15:00,2024-01-11 10:30:00,2024-01-11 15:05:00,1,603.7334898308086,1659.012013558924,4,10.0,2.7479211299407105,13.926932248215097,0.556,0.08803398209871628
2024-01-14 13:00:00,2024-01-14 13:15:00,2024-01-14 20:07:00,-1,339.46435697589334,220.98085736548092,4,10.0,0.6509692485363746,19.890121302864404,0.064,0.1492158629184973
2024-01-15 14:45:00,2024-01-15 15:00:00,2024-01-15 17:13:00,-1,522.0131173687076,-522.0131173687041,1,10.0,-0.9999999999999932,16.65570693603533,0.318,0.3483036368074229
2024-01-15 23:45:00,2024-01-16 00:00:00,2024-01-16 09:20:00,-1,566.3361928118245,-566.3361928118247,1,10.0,-1.0000000000000004,18.623238229651662,0.428,0.2843911631450183
2024-01-18 01:30:00,2024-01-18 01:45:00,2024-01-18 07:07:00,-1,396.15242213956367,-396.1524221395666,1,10.0,-1.0000000000000075,11.30248170915151,0.332,0.24878619131606733
2024-01-18 11:00:00,2024-01-18 11:15:00,2024-01-18 15:18:00,-1,341.5825653430824,-322.22342045744153,4,10.0,-0.9433251376100044,24.4797661279346,0.172,0.39299670691548827
2024-01-19 12:30:00,2024-01-19 12:45:00,2024-01-19 17:35:00,-1,409.3588615223142,456.10818463691976,4,10.0,1.114201321893351,16.95758414386049,0.428,0.014724463837460707
2024-01-24 19:15:00,2024-01-24 19:30:00,2024-01-24 23:20:00,-1,538.2680662040473,-401.28075493872893,4,10.0,-0.7455035513598739,21.07896733069134,0.614,0.12801417618308586
2024-01-27 11:00:00,2024-01-27 11:15:00,2024-01-28 06:13:00,1,328.9874893448786,632.2300142068343,4,10.0,1.9217448525650944,23.352490236063943,0.186,0.007175084322567897
2024-01-29 02:45:00,2024-01-29 03:00:00,2024-01-29 08:13:00,1,403.8118713832077,-287.3058285109437,4,10.0,-0.7114843541543567,27.941216969467618,0.526,0.21432843647328031
2024-01-31 16:00:00,2024-01-31 16:15:00,2024-01-31 20:41:00,1,620.3909307273536,-726.9900000000052,4,10.0,-1.1718256408869059,27.90122227330098,0.962,0.6067749320360453
2024-02-01 15:00:00,2024-02-01 15:15:00,2024-02-02 13:45:00,1,493.1618071133647,-52.31907615115779,4,10.0,-0.10608906731321761,22.740870166079233,0.816,0.383842923734799
2024-02-02 16:00:00,2024-02-02 16:15:00,2024-02-02 17:58:00,1,459.13922054159553,-459.13922054159775,1,10.0,-1.0000000000000049,22.144521485712502,0.698,0.1790876554683329
2024-02-04 12:00:00,2024-02-04 12:15:00,2024-02-04 14:56:00,1,209.81644067603372,-209.81644067603338,1,10.0,-0.9999999999999983,31.91119974337083,0.176,0.4327152689984669
2024-02-05 07:00:00,2024-02-05 07:15:00,2024-02-05 14:53:00,1,298.09726347147,362.1469820380371,4,10.0,1.214861813291007,24.24413088982156,0.428,0.4040186449547966
2024-02-10 14:45:00,2024-02-10 15:00:00,2024-02-10 22:10:00,1,350.13693098510555,434.74075868653017,4,10.0,1.2416306884949064,12.356424504971232,0.304,0.1572623562153606
2024-02-13 22:30:00,2024-02-13 22:45:00,2024-02-15 15:31:00,1,724.4196035705719,2276.707195239236,4,10.0,3.142801746415526,20.6320722757702,0.818,0.32291568231605244
2024-02-17 21:45:00,2024-02-17 22:00:00,2024-02-18 02:39:00,1,507.9876794801394,-507.98767948013847,1,10.0,-0.9999999999999982,27.777610672040794,0.312,0.6506329899947955
2024-02-20 07:15:00,2024-02-20 07:30:00,2024-02-20 08:24:00,1,403.4861586352039,-403.48615863520536,1,10.0,-1.0000000000000036,16.948982247678956,0.214,0.2906241507382832
2024-02-20 10:45:00,2024-02-20 11:00:00,2024-02-20 14:09:00,1,446.90500488452636,261.6866601539732,4,10.0,0.5855532099525025,20.663769965323485,0.336,0.1536877285820038
2024-02-21 23:00:00,2024-02-21 23:15:00,2024-02-22 01:53:00,1,606.4743061773569,-503.42240823647444,4,10.0,-0.8300803564285771,23.226073463838446,0.816,0.3213093966897997
2024-02-24 06:45:00,2024-02-24 07:00:00,2024-02-25 03:08:00,1,300.2705502199706,541.9992663733719,4,10.0,1.8050363779475445,18.31453001078725,0.002,0.5873150876340302
2024-02-25 20:00:00,2024-02-25 20:15:00,2024-02-26 01:13:00,1,363.80475235393817,-363.8047523539353,1,10.0,-0.9999999999999922,15.637244498864337,0.302,0.10208933885517592
2024-02-26 15:00:00,2024-02-26 15:15:00,2024-02-27 02:11:00,1,482.3725558270635,4369.846592230577,4,10.0,9.059069674347768,30.02095275490402,0.666,0.507474716572631
2024-03-05 13:15:00,2024-03-05 13:30:00,2024-03-05 15:05:00,1,1215.109325812757,-117.66576775035355,4,10.0,-0.09683554002159417,29.038771632283318,0.69,0.2581924595323388
2024-03-06 05:45:00,2024-03-06 06:00:00,2024-03-06 12:46:00,1,1817.2080881525803,-1181.814117536771,4,10.0,-0.6503460584628109,30.42536932444802,0.906,0.49409854693260796
2024-03-11 07:15:00,2024-03-11 07:30:00,2024-03-12 15:00:00,1,1184.6663869434576,743.3748174087377,4,10.0,0.6274971803046674,33.472333443371525,0.706,0.6403790362197674
2024-03-13 01:30:00,2024-03-13 01:45:00,2024-03-13 13:49:00,1,1139.1474334582647,366.06675538899435,4,10.0,0.3213515166142066,18.287507837412033,0.734,0.33040772966410265
2024-03-15 01:15:00,2024-03-15 01:30:00,2024-03-15 02:30:00,1,1397.5896615267534,-1397.5896615267557,1,10.0,-1.0000000000000016,24.758905234910706,0.834,0.37533847514381313
2024-03-15 18:45:00,2024-03-15 19:00:00,2024-03-15 20:07:00,1,1768.5417526304104,-1768.5417526304082,1,10.0,-0.9999999999999987,16.971345130462495,0.824,0.3058818977403843
2024-03-15 22:30:00,2024-03-15 22:45:00,2024-03-16 11:28:00,1,1749.0427948842316,-1136.7670598456316,4,10.0,-0.6499366757466182,16.256974509829522,0.788,0.10438213747037346
2024-03-19 20:30:00,2024-03-19 20:45:00,2024-03-20 07:43:00,-1,1624.9140555267745,895.0579259642982,4,10.0,0.5508340105250261,20.853543619049052,0.652,0.0061575488736610355
2024-03-27 01:00:00,2024-03-27 01:15:00,2024-03-27 07:35:00,1,903.5237014542115,-903.5237014542072,1,10.0,-0.9999999999999952,19.019997571735068,0.45,0.4323181088438511
2024-04-01 22:00:00,2024-04-01 22:15:00,2024-04-02 02:26:00,1,936.9966004083756,-936.996600408369,1,10.0,-0.999999999999993,30.454580288467547,0.818,0.4489570135498882
2024-04-03 13:15:00,2024-04-03 13:30:00,2024-04-03 14:06:00,-1,850.9937613890474,-850.9937613890506,1,10.0,-1.0000000000000038,16.348975131251684,0.656,0.14767606168256925
2024-04-03 18:15:00,2024-04-03 18:30:00,2024-04-04 08:19:00,-1,990.6417364801307,-730.785648640187,4,10.0,-0.7376891379892355,14.557870403313382,0.724,0.024302620456469817
2024-04-05 05:15:00,2024-04-05 05:30:00,2024-04-05 13:43:00,-1,1108.1861405738314,-716.0115207650961,4,10.0,-0.6461112393937152,15.23323110833142,0.794,0.42436713219292843
2024-04-08 01:30:00,2024-04-08 01:45:00,2024-04-08 13:37:00,1,719.7875219443818,2069.5233040741587,4,10.0,2.875186414017985,23.240572435155066,0.352,0.14662668337500845
2024-04-10 07:30:00,2024-04-10 07:45:00,2024-04-10 10:17:00,1,684.6105046070243,-684.6105046070297,1,10.0,-1.000000000000008,17.322812219955352,0.284,0.3984105757391997
2024-04-10 17:30:00,2024-04-10 17:45:00,2024-04-11 14:59:00,1,1327.2460144642682,189.53864738097764,4,10.0,0.1428059646180089,23.192684123745927,0.958,0.3180095549475631
2024-04-13 17:15:00,2024-04-13 17:30:00,2024-04-13 20:33:00,-1,934.1175835100028,4045.7498886533212,4,10.0,4.331092744717612,20.392040001050244,0.542,0.1556644392969409
2024-04-17 09:45:00,2024-04-17 10:00:00,2024-04-17 14:41:00,-1,825.3292109606066,1599.3810520525221,4,10.0,1.9378704046970434,26.655478340207427,0.134,0.28624443989503234
2024-04-18 05:45:00,2024-04-18 06:00:00,2024-04-18 11:03:00,-1,1045.2869710813848,-1045.286971081383,1,10.0,-0.9999999999999982,15.287502320133179,0.298,0.1496631720468551
2024-04-21 16:00:00,2024-04-21 16:15:00,2024-04-21 21:07:00,-1,702.55544772341,-640.9205969645482,4,10.0,-0.9122704820543546,17.41953050468193,0.19,0.33604908673479894
2024-04-23 14:45:00,2024-04-23 15:00:00,2024-04-23 20:19:00,1,876.4658261757113,-876.465826175714,1,10.0,-1.000000000000003,29.948358604219948,0.622,0.36339549795185655
2024-04-26 04:45:00,2024-04-26 05:00:00,2024-04-26 13:59:00,-1,697.3550862092097,-347.2567816122755,4,10.0,-0.4979626426759823,15.330517109243736,0.438,0.13723787437706508
2024-04-28 12:00:00,2024-04-28 12:15:00,2024-04-29 09:52:00,-1,513.3756865607836,918.3590845856233,4,10.0,1.7888636112432834,32.16885107454966,0.108,0.39879459835049597
2024-05-02 01:00:00,2024-05-02 01:15:00,2024-05-02 11:20:00,-1,1131.9675437791475,-654.1600583721956,4,10.0,-0.5778964794239945,14.532521265363654,0.822,0.21580369441050176
2024-05-03 11:00:00,2024-05-03 11:15:00,2024-05-03 12:30:00,-1,612.9010156378965,-612.9010156378936,1,10.0,-0.9999999999999952,22.046902650396824,0.204,0.30997609904736007
2024-05-05 08:00:00,2024-05-05 08:15:00,2024-05-05 20:07:00,1,594.9609768932456,87.6686974756667,4,10.0,0.14735201278822221,20.478833475049647,0.052,0.24507086285952148
2024-05-05 23:15:00,2024-05-05 23:30:00,2024-05-06 03:12:00,1,525.8601402221037,-409.86685362947173,4,10.0,-0.7794217935140687,23.216868463109193,0.028,0.09203718083757234
2024-05-07 02:45:00,2024-05-07 03:00:00,2024-05-07 03:28:00,1,745.0046785317766,-745.0046785317754,1,10.0,-0.9999999999999984,16.91811386911747,0.472,0.08018850625297844
2024-05-07 07:15:00,2024-05-07 07:30:00,2024-05-07 11:47:00,1,776.4111141142396,-469.51481881899235,4,10.0,-0.6047244949019481,15.32771759090631,0.542,0.0009319664492091718
2024-05-08 18:15:00,2024-05-08 18:30:00,2024-05-08 20:17:00,1,806.456874051554,-806.4568740515533,1,10.0,-0.9999999999999991,16.75901901815343,0.654,0.24087678390830572
2024-05-17 04:30:00,2024-05-17 04:45:00,2024-05-17 17:53:00,1,599.1358468777693,1229.3622041629715,4,10.0,2.051892255436647,16.085765017225082,0.424,0.07718348599589155
2024-05-24 15:00:00,2024-05-24 15:15:00,2024-05-26 15:15:00,1,927.1418830832417,1058.1100000000006,3,10.0,1.1412600587962005,18.323956438895372,0.74,0.2879823949331727
2024-05-27 02:30:00,2024-05-27 02:45:00,2024-05-27 05:26:00,1,567.2364743823922,-567.2364743823855,1,10.0,-0.9999999999999881,32.342511585496105,0.47,0.44711754602358933
2024-05-28 21:45:00,2024-05-28 22:00:00,2024-05-29 08:01:00,1,771.2694113482985,-427.0392151310516,4,10.0,-0.5536835881829163,14.384929676017485,0.716,0.2142907133692151
2024-06-08 19:15:00,2024-06-08 19:30:00,2024-06-09 00:34:00,1,270.2052814491948,-270.2052814491908,1,10.0,-0.9999999999999852,10.257081533198264,0.002,0.272979571762316
2024-06-09 09:30:00,2024-06-09 09:45:00,2024-06-09 13:17:00,1,207.86271763048092,173.85970982603612,4,10.0,0.8364160336588489,16.330589324921778,0.002,0.10585358073261456
2024-06-12 01:15:00,2024-06-12 01:30:00,2024-06-12 02:18:00,-1,571.356678444673,-571.3566784446739,1,10.0,-1.0000000000000016,19.15152207748313,0.668,0.20487083511637386
2024-06-12 21:15:00,2024-06-12 21:30:00,2024-06-14 21:30:00,-1,1118.1079018976172,2379.399999999994,3,10.0,2.128059372410974,41.81975922360104,0.968,0.20560200411213161
2024-06-17 02:15:00,2024-06-17 02:30:00,2024-06-17 14:37:00,-1,472.8098156407707,535.7869124789722,4,10.0,1.1331975241521846,23.49556229216816,0.422,0.14136949445692032
2024-06-18 01:15:00,2024-06-18 01:30:00,2024-06-18 04:20:00,-1,886.5613863365088,-311.7118484486782,4,10.0,-0.3515964638802382,23.069440911248336,0.876,0.5086112548482773
2024-06-19 00:15:00,2024-06-19 00:30:00,2024-06-19 03:32:00,-1,726.7821645831473,-726.78216458315,1,10.0,-1.0000000000000038,17.82850059653716,0.72,0.17100817326072662
2024-06-19 12:30:00,2024-06-19 12:45:00,2024-06-20 05:37:00,-1,576.9206596463233,-328.04754619509913,4,10.0,-0.5686181292176399,15.653421791084668,0.576,0.14111529496145128
2024-06-20 14:45:00,2024-06-20 15:00:00,2024-06-22 06:47:00,-1,834.5551067003247,442.4300000000003,4,10.0,0.5301387487152119,37.01383390891144,0.842,0.2648404877234017
2024-06-26 06:15:00,2024-06-26 06:30:00,2024-06-26 13:57:00,-1,488.72001823878145,-238.44669098504528,4,10.0,-0.48790039713197036,15.230090352239511,0.416,0.2790860405018754
2024-06-28 07:15:00,2024-06-28 07:30:00,2024-06-28 11:36:00,-1,439.9093058715486,-319.7657411620603,4,10.0,-0.7268901496151353,18.769730934857787,0.204,0.20197665296598985
2024-06-28 12:45:00,2024-06-28 13:00:00,2024-06-29 00:32:00,-1,480.01960338000754,721.983862159992,4,10.0,1.5040716193176666,18.76301118948482,0.294,0.033224473473738164
2024-07-01 12:00:00,2024-07-01 12:15:00,2024-07-01 15:59:00,-1,450.63328836878344,-450.63328836878645,1,10.0,-1.0000000000000067,37.211452974741256,0.456,0.7078914815059659
2024-07-01 15:45:00,2024-07-01 16:00:00,2024-07-01 19:55:00,1,614.1635442096115,-82.13472561281378,4,10.0,-0.13373429013686547,24.32428635074544,0.788,0.17797476146506858
2024-07-02 04:15:00,2024-07-02 04:30:00,2024-07-02 07:05:00,1,426.56172215161854,-426.56172215161496,1,10.0,-0.9999999999999916,19.317211227759653,0.362,0.22522841618031544
2024-07-04 23:30:00,2024-07-04 23:45:00,2024-07-05 05:59:00,-1,917.3404549345144,2328.9393934206455,4,10.0,2.5387950361209133,26.90022953047462,0.908,0.36592231318585616
2024-07-07 07:15:00,2024-07-07 07:30:00,2024-07-07 10:31:00,-1,576.248087469206,-563.5807832922728,4,10.0,-0.9780176204444061,29.020987890373195,0.34,0.5041420056412899
2024-07-08 16:00:00,2024-07-08 16:15:00,2024-07-09 05:37:00,-1,1528.759887785294,-1417.3765170470579,4,10.0,-0.9271413571037656,30.829092775227515,0.982,0.24671376630956646
2024-07-10 13:15:00,2024-07-10 13:30:00,2024-07-11 01:49:00,-1,775.8492145634755,-237.92561941796885,4,10.0,-0.30666476803979953,26.802906686748944,0.544,0.39013645433390676
2024-07-16 15:00:00,2024-07-16 15:15:00,2024-07-17 11:36:00,1,1074.4488114953242,443.24158467290545,4,10.0,0.4125292707579437,15.372330697342608,0.996,0.29699599099346563
2024-07-19 04:00:00,2024-07-19 04:15:00,2024-07-19 07:52:00,1,640.7220126293951,-609.5160168391958,4,10.0,-0.9512955772158723,20.19949722166453,0.206,0.11697740664945815
2024-07-19 12:00:00,2024-07-19 12:15:00,2024-07-20 00:22:00,1,667.4252871024862,2348.55961719669,4,10.0,3.518835235315347,14.60769870819557,0.272,0.1031568167943462
2024-07-24 08:30:00,2024-07-24 08:45:00,2024-07-24 15:22:00,1,541.8250990771071,35.666534563861205,4,10.0,0.06582665628560241,17.547332718569557,0.232,0.17903374856762022
2024-07-25 16:15:00,2024-07-25 16:30:00,2024-07-27 16:30:00,1,964.2039235418538,4016.6800000000076,3,10.0,4.165799269147708,20.960725270640058,0.92,0.1680144864909345
2024-07-27 21:45:00,2024-07-27 22:00:00,2024-07-28 05:02:00,1,1706.5689586151311,-1706.5689586151275,1,10.0,-0.9999999999999979,24.158541827779505,0.994,0.029562721104215466
2024-07-28 13:45:00,2024-07-28 14:00:00,2024-07-29 13:45:00,1,550.6982545081268,1329.845660655832,4,10.0,2.4148354380451504,27.166331597380335,0.196,0.4220501434992117
2024-07-31 10:45:00,2024-07-31 11:00:00,2024-07-31 13:32:00,-1,579.2564425157624,-579.2564425157616,1,10.0,-0.9999999999999987,19.25097232183385,0.228,0.09383577851395553
2024-07-31 19:45:00,2024-07-31 20:00:00,2024-08-01 20:31:00,-1,1072.7370773397768,1610.8338968803,4,10.0,1.501611094560953,18.37397881851932,0.924,0.33410108471208205
2024-08-02 06:15:00,2024-08-02 06:30:00,2024-08-02 10:51:00,-1,817.4255105225809,-817.425510522582,1,10.0,-1.0000000000000013,26.33546251180611,0.594,0.28340040941433414
2024-08-02 15:00:00,2024-08-02 15:15:00,2024-08-03 12:15:00,-1,1201.4470547415401,653.4499999999971,4,10.0,0.5438858062210404,20.430796072695472,0.992,0.44816860327894825
2024-08-03 16:00:00,2024-08-03 16:15:00,2024-08-03 21:45:00,-1,671.7218288093572,84.94089492085914,4,10.0,0.12645248565379938,24.0903015574534,0.3,0.5358773853540351
2024-08-04 14:30:00,2024-08-04 14:45:00,2024-08-04 17:50:00,-1,690.6892631413327,1818.4709824782258,4,10.0,2.6328351684628983,22.00432477177731,0.374,0.3859648376878787
2024-08-06 13:30:00,2024-08-06 13:45:00,2024-08-06 14:07:00,-1,1298.4168160226272,-1298.4168160226254,1,10.0,-0.9999999999999986,14.310946786706713,0.766,0.06649131746850136
2024-08-09 12:45:00,2024-08-09 13:00:00,2024-08-09 14:03:00,-1,860.229959415559,-388.5032792207421,4,10.0,-0.45162723637838836,26.782886702586985,0.174,0.13025004495707274
2024-08-09 21:00:00,2024-08-09 21:15:00,2024-08-10 00:22:00,-1,1050.9358322964204,-1050.935832296418,1,10.0,-0.9999999999999979,15.667834689084364,0.272,0.09290889043718409
2024-08-12 20:45:00,2024-08-12 21:00:00,2024-08-13 16:21:00,-1,1242.0960162928889,-1242.0960162928895,1,10.0,-1.0000000000000004,17.36493621276907,0.858,0.3558050088978652
2024-08-15 18:45:00,2024-08-15 19:00:00,2024-08-15 21:55:00,-1,1106.5353214764882,398.9795713646745,4,10.0,0.36056650304872534,38.71148054823595,0.882,0.47960634780560596
2024-08-25 00:30:00,2024-08-25 00:45:00,2024-08-25 23:42:00,1,608.0897900659565,131.35361324538826,4,10.0,0.2160102264357061,20.26309809872166,0.47,0.03861592971101961
2024-08-28 13:45:00,2024-08-28 14:00:00,2024-08-28 16:50:00,-1,774.8198859884624,445.85681868204847,4,10.0,0.5754328544539803,27.083128191734648,0.804,0.03555508500874338
2024-08-29 19:15:00,2024-08-29 19:30:00,2024-08-30 18:27:00,-1,982.1717152817707,490.64771295763785,4,10.0,0.4995539021574025,35.03030985869545,0.89,0.31183512220662124
2024-09-01 22:15:00,2024-09-01 22:30:00,2024-09-02 08:29:00,-1,783.5190087827905,-651.6320117103896,4,10.0,-0.8316735196031945,18.830289848227746,0.702,0.1534268833087134
2024-09-03 09:30:00,2024-09-03 09:45:00,2024-09-03 12:34:00,-1,439.8275098619638,-439.82750986196334,1,10.0,-0.999999999999999,24.050016730046593,0.206,0.27038782716760434
2024-09-03 13:45:00,2024-09-03 14:00:00,2024-09-04 01:25:00,-1,621.7064083374253,1957.4181222167608,4,10.0,3.148460585200194,20.10586088952653,0.612,0.19045372898233848
2024-09-05 03:45:00,2024-09-05 04:00:00,2024-09-05 14:00:00,-1,654.288226998123,-77.43430266415817,4,10.0,-0.11834891637807247,27.972741528513257,0.668,0.4611934830095402
2024-09-06 07:00:00,2024-09-06 07:15:00,2024-09-06 10:12:00,-1,544.3767939261472,201.10427476513723,4,10.0,0.3694211013565358,19.89784214099463,0.242,0.3478922605702713
2024-09-06 13:45:00,2024-09-06 14:00:00,2024-09-06 22:21:00,-1,1010.0769866672472,2015.230684443668,4,10.0,1.9951258280746789,24.738007325557138,0.982,0.03890041861156797
2024-09-07 20:15:00,2024-09-07 20:30:00,2024-09-08 02:15:00,-1,424.7229069572163,-65.64720927628514,4,10.0,-0.15456479554303387,24.09473753958766,0.048,0.3984026956535825
2024-09-10 16:15:00,2024-09-10 16:30:00,2024-09-10 18:15:00,-1,790.0879070439419,-790.0879070439405,1,10.0,-0.9999999999999982,22.236122163746717,0.752,0.13099819786798622
2024-09-11 17:00:00,2024-09-11 17:15:00,2024-09-13 17:15:00,1,1114.6896782014776,1968.6299999999974,3,10.0,1.7660789711234521,23.997226813044744,0.932,0.1727408678699818
2024-09-14 21:15:00,2024-09-14 21:30:00,2024-09-15 17:09:00,1,376.5235210421313,-141.12136138950154,4,10.0,-0.37480091814426303,21.916800882448634,0.144,0.13894033545081874
2024-09-17 04:45:00,2024-09-17 05:00:00,2024-09-17 14:36:00,1,474.4173167788834,1478.6835776281587,4,10.0,3.116841492355019,19.721755237932385,0.432,0.023238308259762107
2024-09-18 18:45:00,2024-09-18 19:00:00,2024-09-20 18:08:00,1,1260.4123003811653,1845.7502661584513,4,10.0,1.4644019783052513,31.458193596601404,1.0,0.36424059832447925
2024-09-21 00:15:00,2024-09-21 00:30:00,2024-09-22 02:12:00,1,511.00087991454495,-230.10450655272143,4,10.0,-0.4503015857647877,13.519620803025697,0.166,0.11526272103025458
2024-09-26 05:30:00,2024-09-26 05:45:00,2024-09-26 13:40:00,1,429.20343818866684,498.82874908177473,4,10.0,1.1622198349270967,18.03391055664337,0.344,0.33008298891509974
2024-10-01 06:00:00,2024-10-01 06:15:00,2024-10-01 13:18:00,1,492.97002049848817,-401.9833606646498,4,10.0,-0.8154316569964372,17.06284227960662,0.486,0.21493338974784046
2024-10-02 18:45:00,2024-10-02 19:00:00,2024-10-03 03:27:00,-1,1028.6228262284706,-581.4971016379641,4,10.0,-0.5653161555534117,23.743484889672146,0.948,0.15505979190152644
2024-10-03 08:15:00,2024-10-03 08:30:00,2024-10-03 10:56:00,-1,655.7623561367303,-654.969808182308,4,10.0,-0.9987914098041684,19.37844058853979,0.66,0.45246724846619807
2024-10-07 14:00:00,2024-10-07 14:15:00,2024-10-07 15:16:00,1,702.0619534826639,-373.0826046435541,4,10.0,-0.5314098033554338,28.368184608284402,0.76,0.20100861017895932
2024-10-10 14:00:00,2024-10-10 14:15:00,2024-10-10 19:54:00,-1,617.9537032358769,1140.9217290188317,4,10.0,1.846289977783877,19.839221164628327,0.756,0.050419022961096675
2024-10-15 08:15:00,2024-10-15 08:30:00,2024-10-15 14:16:00,1,505.70911572187777,1514.4311790374923,4,10.0,2.994668539592583,20.649446348570258,0.496,0.08566678280430169
2024-10-19 08:45:00,2024-10-19 09:00:00,2024-10-19 11:37:00,1,262.52981565167,-262.52981565166556,1,10.0,-0.9999999999999831,15.182814017351589,0.008,0.05583812625596762
2024-10-22 19:00:00,2024-10-22 19:15:00,2024-10-23 03:29:00,1,737.2270206618698,-624.3193608824804,4,10.0,-0.8468481802552179,12.388041369579405,0.864,0.020652456598490847
2024-10-26 08:15:00,2024-10-26 08:30:00,2024-10-26 14:42:00,1,432.15716555958693,-432.1571655595908,1,10.0,-1.0000000000000089,14.696686103638434,0.012,0.23709390186234613
2024-10-26 18:45:00,2024-10-26 19:00:00,2024-10-27 00:06:00,1,324.459610621503,-18.902814162007417,4,10.0,-0.058259375106192855,15.057424448273133,0.008,0.16577258861891647
2024-10-30 20:45:00,2024-10-30 21:00:00,2024-10-31 12:55:00,1,917.4821948221493,-917.4821948221506,1,10.0,-1.0000000000000016,22.70755184258165,0.888,0.2931479299929971
2024-11-01 12:30:00,2024-11-01 12:45:00,2024-11-01 15:21:00,1,695.7279817902794,435.0026909462904,4,10.0,0.6252482325447388,34.50741125160304,0.564,0.46509415133834525
2024-11-02 07:00:00,2024-11-02 07:15:00,2024-11-02 13:57:00,1,379.54231118948286,-379.5423111894779,1,10.0,-0.999999999999987,11.417150866772175,0.006,0.011877723380268015
2024-11-04 08:45:00,2024-11-04 09:00:00,2024-11-04 18:26:00,-1,605.2153172635802,594.3862436485506,4,10.0,0.9821070727951959,16.579999204493017,0.44,0.16256223566572217
2024-11-07 15:15:00,2024-11-07 15:30:00,2024-11-07 22:07:00,1,807.2158054382744,424.712259415639,4,10.0,0.5261446276873175,17.302018545645584,0.614,0.24641977854831518
2024-11-09 05:00:00,2024-11-09 05:15:00,2024-11-09 16:15:00,1,428.5304430356248,-179.6739240474999,4,10.0,-0.4192792530087837,8.609782786391545,0.002,0.14194155859569327
2024-11-12 18:30:00,2024-11-12 18:45:00,2024-11-13 04:31:00,1,2220.2769034530384,-1658.2692046040465,4,10.0,-0.746874951509453,22.571517169541124,0.904,0.3455544508304201
2024-11-15 09:45:00,2024-11-15 10:00:00,2024-11-15 14:34:00,1,1291.7670466383574,-180.0360621844884,4,10.0,-0.13937192673633145,23.723251503447145,0.282,0.3985776884494904
2024-11-18 02:15:00,2024-11-18 02:30:00,2024-11-18 11:16:00,1,1002.2925257333566,529.9099656888575,4,10.0,0.5286979121201502,28.1776202670885,0.34,0.26429797033732594
2024-11-22 17:00:00,2024-11-22 17:15:00,2024-11-23 16:22:00,1,1368.851868179519,-1326.6458242393564,4,10.0,-0.9691668288429969,21.17294287898425,0.67,0.09099936385781388
2024-11-24 22:45:00,2024-11-24 23:00:00,2024-11-25 01:24:00,1,995.7610085534413,-995.7610085534398,1,10.0,-0.9999999999999984,24.994952896497335,0.452,0.6885780483064432
2024-12-02 15:45:00,2024-12-02 16:00:00,2024-12-02 17:19:00,1,1388.0355329830372,-1388.0355329830345,1,10.0,-0.999999999999998,30.754985644994335,0.996,0.467527041055885
2024-12-06 14:15:00,2024-12-06 14:30:00,2024-12-06 23:15:00,1,1388.0499125423503,809.3367832768563,4,10.0,0.58307469779273,16.415019997051846,0.694,0.26990622104101625
2024-12-07 18:15:00,2024-12-07 18:30:00,2024-12-07 22:59:00,1,662.3423763902977,-152.82316852039366,4,10.0,-0.2307313769553222,17.04767822266515,0.048,0.15936737099083123
2024-12-10 10:15:00,2024-12-10 10:30:00,2024-12-10 15:29:00,1,1093.9580009678302,-775.9406679571111,4,10.0,-0.7092965792751024,16.766533616347576,0.424,0.30068200687937674
2024-12-10 15:45:00,2024-12-10 16:00:00,2024-12-10 20:30:00,-1,1732.7408616179587,-876.4711488239409,4,10.0,-0.5058293298430845,19.027206452977193,0.806,0.450345415704784
2024-12-11 00:30:00,2024-12-11 00:45:00,2024-12-11 02:44:00,-1,1469.691694593541,-1469.6916945935372,1,10.0,-0.9999999999999976,26.088670847337852,0.654,0.020493843773126335
2024-12-12 13:15:00,2024-12-12 13:30:00,2024-12-12 17:00:00,1,832.5266157107493,152.58451238567068,4,10.0,0.18327883998688183,17.36552294628416,0.314,0.15830876607566718
2024-12-16 14:45:00,2024-12-16 15:00:00,2024-12-16 19:14:00,1,1287.934495854443,659.0940055274259,4,10.0,0.5117449743359572,26.292724460363626,0.832,0.17513797748902427
2024-12-19 10:15:00,2024-12-19 10:30:00,2024-12-19 14:45:00,1,990.2932018821017,-655.6109358428075,4,10.0,-0.6620371972631804,15.748068988723723,0.476,0.34536961875541855
2024-12-23 06:00:00,2024-12-23 06:15:00,2024-12-23 11:02:00,-1,1449.261885289597,-1449.2618852895976,1,10.0,-1.0000000000000002,19.132162968022712,0.606,0.14527680106502552
2024-12-23 14:30:00,2024-12-23 14:45:00,2024-12-23 22:20:00,-1,1429.5230500509883,-83.59073340131727,4,10.0,-0.05847456142685894,22.387896441027372,0.6,0.36379346448915373
2024-12-24 02:00:00,2024-12-24 02:15:00,2024-12-24 13:38:00,-1,1321.5885727704522,-1321.588572770459,1,10.0,-1.000000000000005,17.289284577453415,0.454,0.03446770172946126
2024-12-26 04:45:00,2024-12-26 05:00:00,2024-12-26 16:15:00,-1,1055.3082340054445,1721.5323546594009,4,10.0,1.6313076115451963,14.355146026731738,0.38,0.33709956475514125
2024-12-28 15:45:00,2024-12-28 16:00:00,2024-12-28 17:09:00,-1,675.2820554513426,-675.2820554513455,1,10.0,-1.0000000000000044,10.562009767562044,0.092,0.1234621802501154
2024-12-30 13:00:00,2024-12-30 13:15:00,2024-12-30 17:26:00,-1,815.9818214482407,852.8042380690167,4,10.0,1.0451265158768146,10.585692318464368,0.4,0.16638234757007592
2024-12-30 22:30:00,2024-12-30 22:45:00,2025-01-01 19:46:00,-1,1680.6712871019265,-1680.6712871019263,1,10.0,-0.9999999999999999,31.26576692474515,0.994,0.1891059400419543
2025-01-10 15:45:00,2025-01-10 16:00:00,2025-01-12 16:01:00,-1,2175.2113565532118,-1287.3699999999953,3,10.0,-0.5918367408856908,35.476033430325096,1.0,0.20141282752296735
2025-01-15 12:30:00,2025-01-15 12:45:00,2025-01-15 17:54:00,1,804.4935841890325,1689.1518877479539,4,10.0,2.099646188540706,21.525787820380256,0.392,0.05451766953199658
2025-01-16 17:30:00,2025-01-16 17:45:00,2025-01-18 03:37:00,1,1612.8053584543277,3726.4128553942282,4,10.0,2.310516167286007,21.642641254196562,0.926,0.09686473936359148
2025-01-18 14:00:00,2025-01-18 14:15:00,2025-01-18 16:42:00,1,1182.37283891027,-758.857118547021,4,10.0,-0.6418086525451812,23.70411412401562,0.584,0.24627601467036023
2025-01-20 07:00:00,2025-01-20 07:15:00,2025-01-20 12:20:00,1,3452.152040812325,-3452.1520408123324,1,10.0,-1.000000000000002,30.46329504097739,1.0,0.8209757861971646
2025-01-21 11:30:00,2025-01-21 11:45:00,2025-01-21 14:40:00,1,1492.7453541364896,-500.8871388486441,4,10.0,-0.3355476119625192,26.36585397550879,0.674,0.5501797355480418
2025-01-23 14:45:00,2025-01-23 15:00:00,2025-01-23 15:08:00,1,1872.8157538633372,-1872.8157538633386,1,10.0,-1.0000000000000007,28.02601101991975,0.674,0.5543749048271651
2025-01-24 04:45:00,2025-01-24 05:00:00,2025-01-24 20:35:00,1,1660.4842671448855,373.3309771401546,4,10.0,0.224832589219335,13.51496354784628,0.536,0.17968048533872655
2025-01-27 17:00:00,2025-01-27 17:15:00,2025-01-27 20:57:00,-1,2226.48692916293,-2210.9092388839053,4,10.0,-0.9930034665485858,30.18331042696154,0.916,0.0649519057155064
2025-01-28 19:15:00,2025-01-28 19:30:00,2025-01-29 02:05:00,-1,1517.8719063168915,-2.22920842251915,4,10.0,-0.001468640675963437,11.632371013486402,0.696,0.057377381139448284
2025-02-04 06:15:00,2025-02-04 06:30:00,2025-02-04 14:33:00,-1,1589.9394442078335,-902.2692589437793,4,10.0,-0.5674865556866054,33.20412628594886,0.772,0.5306543031336871
2025-02-04 16:45:00,2025-02-04 17:00:00,2025-02-05 01:03:00,-1,1819.9584441115271,449.8687411846331,4,10.0,0.24718627100535331,16.318110898541963,0.82,0.014314833190638435
2025-02-17 15:45:00,2025-02-17 16:00:00,2025-02-17 20:48:00,-1,829.7750757181657,-596.0967676242144,4,10.0,-0.7183835536495188,26.335770485809817,0.69,0.1535719911783257
2025-02-22 12:00:00,2025-02-22 12:15:00,2025-02-22 15:38:00,1,403.36775381850873,-170.3836717580125,4,10.0,-0.4224028077233832,13.829983714347362,0.002,0.2433294292491361
2025-02-24 03:30:00,2025-02-24 03:45:00,2025-02-24 09:28:00,-1,781.1280545772358,-331.6840727696399,4,10.0,-0.4246218924362598,19.537628373151723,0.728,0.02560255408942254
2025-02-24 14:00:00,2025-02-24 14:15:00,2025-02-24 16:12:00,-1,806.9366481397277,545.174469147023,4,10.0,0.675610000368482,13.106049314286352,0.79,0.14251978581366787
2025-02-26 12:45:00,2025-02-26 13:00:00,2025-02-26 14:39:00,-1,955.6020614449035,1220.5800000000017,4,10.0,1.2772889984712281,19.74892642871307,0.58,0.2713466476658586
2025-02-27 16:00:00,2025-02-27 16:15:00,2025-02-27 23:35:00,-1,1630.491528131637,747.7412958244822,4,10.0,0.45859870040619655,24.57025852522323,0.722,0.23996829126963826
2025-03-01 13:30:00,2025-03-01 13:45:00,2025-03-01 19:30:00,-1,918.5342812759366,-918.5342812759336,1,10.0,-0.9999999999999968,19.98107466933969,0.084,0.2198116954090642
2025-03-02 14:00:00,2025-03-02 14:15:00,2025-03-02 15:26:00,-1,666.4956648532284,-389.88088647097175,4,10.0,-0.5849713764557327,12.732118526211954,0.028,0.15442805926509795
2025-03-03 11:15:00,2025-03-03 11:30:00,2025-03-03 14:39:00,1,1531.160271686432,-1088.187028915243,4,10.0,-0.7106943989062002,26.386666897087522,0.53,0.012739950417922257
2025-03-07 10:15:00,2025-03-07 10:30:00,2025-03-07 15:28:00,1,1405.3440140141456,207.0379813144682,4,10.0,0.14732192207023856,17.035067139533524,0.248,0.23703323349023012
2025-03-09 02:30:00,2025-03-09 02:45:00,2025-03-09 14:37:00,-1,598.9244014706719,2372.7641313724453,4,10.0,3.9617088993971046,10.62238403481233,0.002,0.10114302291847801
2025-03-10 14:00:00,2025-03-10 14:15:00,2025-03-11 02:08:00,-1,2212.450703434274,640.6957287543046,4,10.0,0.28958644265374384,22.205397837546695,0.868,0.19498942422756985
2025-03-15 08:00:00,2025-03-15 08:15:00,2025-03-15 13:10:00,-1,540.463618512409,-540.4636185124109,1,10.0,-1.0000000000000036,19.151464490965644,0.018,0.49554438257874717
2025-03-16 19:00:00,2025-03-16 19:15:00,2025-03-17 04:02:00,-1,1348.5794242649336,-590.4058990199119,4,10.0,-0.43779838873170024,27.033562622485316,0.792,0.11605221950646159
2025-03-20 14:30:00,2025-03-20 14:45:00,2025-03-20 15:35:00,1,1033.72747242374,-1033.727472423736,1,10.0,-0.999999999999996,25.091304041758196,0.764,0.06261582214611086
2025-03-21 21:15:00,2025-03-21 21:30:00,2025-03-23 21:36:00,1,738.2459313321631,723.8099999999977,3,10.0,0.9804456337387247,13.330666425829014,0.246,0.17470597685017322
2025-03-25 11:45:00,2025-03-25 12:00:00,2025-03-25 13:49:00,1,687.5372916498106,-255.94638886640314,4,10.0,-0.3722654639608502,31.79780204413499,0.458,0.40267566114867365
2025-03-26 00:30:00,2025-03-26 00:45:00,2025-03-26 13:56:00,1,889.2520916984959,-650.4094555979827,4,10.0,-0.7314117803824143,23.876753298596405,0.766,0.05784518067909277
2025-03-27 01:30:00,2025-03-27 01:45:00,2025-03-27 12:57:00,1,784.7616099155078,-585.098813220684,4,10.0,-0.7455752241546056,15.272386097029951,0.66,0.006304622437147318
2025-03-30 13:45:00,2025-03-30 14:00:00,2025-03-30 19:04:00,-1,645.6684154414171,-195.56122058855544,4,10.0,-0.30288181349998083,19.51478441807443,0.294,0.3359106976392031
2025-03-31 22:30:00,2025-03-31 22:45:00,2025-04-01 03:12:00,-1,883.3867420168652,-883.3867420168681,1,10.0,-1.000000000000003,19.90652298532291,0.712,0.15596382656799596
2025-04-08 09:45:00,2025-04-08 10:00:00,2025-04-08 11:51:00,-1,977.7601973340494,-977.7601973340497,1,10.0,-1.0000000000000004,21.742758610716344,0.486,0.40698546377480854
2025-04-08 15:00:00,2025-04-08 15:15:00,2025-04-09 04:44:00,-1,1473.5213984123793,1853.034802116832,4,10.0,1.2575554071446489,22.51318450139742,0.686,0.13742286997579842
2025-04-09 11:45:00,2025-04-09 12:00:00,2025-04-09 13:41:00,-1,1586.6852980885878,-1586.6852980885888,1,10.0,-1.0000000000000007,23.414474607038798,0.65,0.1566633580668537
2025-04-10 13:30:00,2025-04-10 13:45:00,2025-04-11 01:48:00,-1,1235.3921762056018,873.0604317258694,4,10.0,0.7067071077035615,16.246256243746682,0.448,0.17830294891277276
2025-04-14 02:15:00,2025-04-14 02:30:00,2025-04-14 15:41:00,1,1463.5878617632134,-1146.5504823509546,4,10.0,-0.7833834321157067,23.44226598136529,0.758,0.28508636400900345
2025-04-16 12:15:00,2025-04-16 12:30:00,2025-04-16 13:31:00,1,692.2410984949092,-692.2410984949092,1,10.0,-1.0,20.74014859506846,0.086,0.31331216376613646
2025-04-20 20:15:00,2025-04-20 20:30:00,2025-04-21 11:12:00,1,478.68541591243206,2054.4127787834295,4,10.0,4.291780594291705,22.182030385366545,0.444,0.4718680257370783
2025-04-21 23:45:00,2025-04-22 00:00:00,2025-04-22 03:10:00,1,781.3989563816181,320.2047248245217,4,10.0,0.4097839166656639,18.396753862186202,0.778,0.3058576493279385
2025-04-23 16:45:00,2025-04-23 17:00:00,2025-04-24 06:18:00,1,1441.843408490963,-1339.2278779879562,4,10.0,-0.9288303224200994,17.285840453771517,0.958,0.043124593637143264
2025-04-24 15:00:00,2025-04-24 15:15:00,2025-04-25 02:25:00,1,971.1263134838725,-137.56508464517538,4,10.0,-0.14165519225986858,31.088798738309112,0.684,0.5342091499246184
2025-04-28 05:30:00,2025-04-28 05:45:00,2025-04-28 13:34:00,1,689.545843549663,538.4055419337819,4,10.0,0.7808118154438625,25.762722732157542,0.35,0.24475747806534123
2025-04-30 22:00:00,2025-04-30 22:15:00,2025-05-01 20:03:00,1,867.4820213203341,1726.6473049062188,4,10.0,1.9904127837464678,18.858651478739695,0.794,0.2614582288637052
2025-05-02 10:00:00,2025-05-02 10:15:00,2025-05-02 17:11:00,1,653.9598124564403,290.1435833914147,4,10.0,0.44367188604688296,14.057574253523827,0.32,0.0671744008704022
2025-05-04 21:30:00,2025-05-04 21:45:00,2025-05-04 22:03:00,1,381.4515934444716,-381.4515934444644,1,10.0,-0.9999999999999811,19.978518444667586,0.024,0.38712103486310506
2025-05-05 18:45:00,2025-05-05 19:00:00,2025-05-05 20:32:00,1,789.4940801165139,-789.4940801165212,1,10.0,-1.0000000000000093,25.121399328060832,0.73,0.1762689082878425
2025-05-05 21:00:00,2025-05-05 21:15:00,2025-05-06 02:18:00,1,807.5002945731173,-444.6770594308182,4,10.0,-0.550683464042444,20.402403627663954,0.76,0.22765475104365981
2025-05-07 21:30:00,2025-05-07 21:45:00,2025-05-08 21:50:00,1,1077.814002940684,5645.5346627457475,4,10.0,5.237948892241699,25.1081815787585,0.98,0.1485269351297193
2025-05-10 02:30:00,2025-05-10 02:45:00,2025-05-10 09:04:00,1,548.5592784092953,203.67762878759822,4,10.0,0.3712955678704767,13.971833060427052,0.122,0.2526488317709011
2025-05-10 22:30:00,2025-05-10 22:45:00,2025-05-11 00:27:00,1,611.7257809460735,548.865625405233,4,10.0,0.897241284414034,20.244761797929065,0.242,0.12427897741374791
2025-05-11 09:00:00,2025-05-11 09:15:00,2025-05-11 16:18:00,1,861.2458767090798,-518.7478356120992,4,10.0,-0.6023225766772837,17.569712036533573,0.584,0.027927053608932547
2025-05-11 18:45:00,2025-05-11 19:00:00,2025-05-11 22:44:00,1,969.9782346776512,-969.9782346776483,1,10.0,-0.999999999999997,16.7354609645007,0.674,0.22827950353151044
2025-05-12 07:00:00,2025-05-12 07:15:00,2025-05-12 07:45:00,1,1053.3980267099325,-1053.3980267099396,1,10.0,-1.0000000000000067,13.938900268280047,0.772,0.5627432568757795
2025-05-15 16:15:00,2025-05-15 16:30:00,2025-05-15 19:26:00,1,1192.0244184477633,-577.4758912636898,4,10.0,-0.4844497162362416,24.82891403127727,0.906,0.21933966847393296
2025-05-17 20:45:00,2025-05-17 21:00:00,2025-05-18 17:37:00,1,514.9969560434247,1934.917391942101,4,10.0,3.7571433563559706,13.239426691563263,0.006,0.2624239915953012
2025-05-24 10:45:00,2025-05-24 11:00:00,2025-05-24 22:23:00,1,875.5781923991906,-772.2375898655882,4,10.0,-0.8819744445091345,16.796788346137685,0.182,0.29449101294278524
2025-05-25 20:15:00,2025-05-25 20:30:00,2025-05-26 16:21:00,1,695.740691990585,1957.5557440125558,4,10.0,2.8136283626185343,20.370224600435073,0.048,0.33456963032126247
2025-05-29 02:00:00,2025-05-29 02:15:00,2025-05-29 04:45:00,1,927.6722203294248,-755.3262937725522,4,10.0,-0.8142167860802482,20.563553834856773,0.632,0.21124274753658395
2025-05-29 07:00:00,2025-05-29 07:15:00,2025-05-29 13:39:00,1,772.1503968337528,-129.82386244501686,4,10.0,-0.16813287019907922,21.35611064279127,0.224,0.011177679625666794
2025-06-01 02:15:00,2025-06-01 02:30:00,2025-06-01 04:40:00,-1,591.0493278466869,-591.0493278466893,1,10.0,-1.000000000000004,29.62256765184549,0.072,0.3985068204812152
2025-06-08 06:45:00,2025-06-08 07:00:00,2025-06-08 10:44:00,-1,346.3625072641504,64.17332364780304,4,10.0,0.1852779163504028,9.731459079768001,0.006,0.22370053708417195
2025-06-08 12:45:00,2025-06-08 13:00:00,2025-06-08 22:26:00,1,488.2341144638812,157.39118071483972,4,10.0,0.3223682574653092,20.636443108823574,0.2,0.15721075131889556
2025-06-10 19:30:00,2025-06-10 19:45:00,2025-06-11 18:02:00,1,1084.1441136388041,-1063.005484851732,4,10.0,-0.9805020121207662,23.244932576525027,0.9,0.3977810238244501
2025-06-12 17:45:00,2025-06-12 18:00:00,2025-06-12 18:47:00,1,967.1785557756698,-967.1785557756666,1,10.0,-0.9999999999999967,23.30314769779359,0.848,0.3739491223024791
2025-06-18 09:30:00,2025-06-18 09:45:00,2025-06-18 14:03:00,-1,680.803742497574,-31.988323330093408,4,10.0,-0.0469861155767771,21.162030862627674,0.384,0.31384815204524896
2025-06-20 15:15:00,2025-06-20 15:30:00,2025-06-20 20:16:00,-1,1096.2810765677862,539.5518979096087,4,10.0,0.4921656584630891,38.62714827318381,0.83,0.6071080944285108
2025-06-21 15:15:00,2025-06-21 15:30:00,2025-06-21 20:53:00,-1,499.77294042151226,580.3360794379842,4,10.0,1.1611994818057263,22.756844901413768,0.124,0.3735113180506738
2025-06-22 07:30:00,2025-06-22 07:45:00,2025-06-22 17:09:00,-1,911.6494186203759,2323.4574418394914,4,10.0,2.548630421281509,14.601163647278836,0.628,0.002940543047896036
2025-06-26 20:15:00,2025-06-26 20:30:00,2025-06-26 21:33:00,1,729.732315431819,-583.3464205757482,4,10.0,-0.799397817856748,15.241977558807816,0.204,0.36641668856502213
2025-06-27 16:45:00,2025-06-27 17:00:00,2025-06-27 17:45:00,1,857.3748115726802,-857.3748115726776,1,10.0,-0.999999999999997,19.292504745831287,0.488,0.1922888128729486
2025-06-27 21:15:00,2025-06-27 21:30:00,2025-06-29 16:24:00,1,727.3111595244598,318.8517873007222,4,10.0,0.43839804068068766,12.919868258064877,0.248,0.06228464894728516
2025-07-02 04:30:00,2025-07-02 04:45:00,2025-07-02 17:39:00,1,576.452198974589,2613.1370680338878,4,10.0,4.533137479017717,16.683836418258604,0.584,0.4152314476638833
2025-07-05 04:15:00,2025-07-05 04:30:00,2025-07-05 09:26:00,1,511.0510556414137,-511.0510556414083,1,10.0,-0.9999999999999895,14.92496485843952,0.178,0.16369112653181508
2025-07-05 11:15:00,2025-07-05 11:30:00,2025-07-06 09:48:00,1,344.6496361099308,-344.6496361099271,1,10.0,-0.9999999999999892,12.049454854602915,0.002,0.047302888018275466
2025-07-08 07:15:00,2025-07-08 07:30:00,2025-07-08 14:11:00,1,491.6763897434246,238.04148034210084,4,10.0,0.48414258912517627,17.333522218622278,0.308,0.32845396360214374
2025-07-15 23:00:00,2025-07-15 23:15:00,2025-07-16 23:16:00,1,1232.0327223277652,686.6797035629861,4,10.0,0.5573550857201214,17.614289649394955,0.712,0.17507640430876617
2025-07-20 04:30:00,2025-07-20 04:45:00,2025-07-20 17:41:00,1,554.8279564233306,158.83939143555472,4,10.0,0.28628584698490056,12.812286320367022,0.08,0.10482483578354464
2025-07-21 03:45:00,2025-07-21 04:00:00,2025-07-21 11:48:00,1,1071.375593398476,-132.0707911979698,4,10.0,-0.12327216712024615,26.864532176531103,0.632,0.25299611444718895
2025-07-22 07:15:00,2025-07-22 07:30:00,2025-07-22 13:58:00,1,1166.5019363703773,-495.23591516049055,4,10.0,-0.4245478723348194,19.32347951114024,0.818,0.23197962347324935
2025-07-23 23:00:00,2025-07-23 23:15:00,2025-07-24 04:41:00,1,1012.8716708534737,-726.2255611379805,4,10.0,-0.7169966166849575,16.00139873422445,0.636,0.18720883343223374
2025-07-24 09:15:00,2025-07-24 09:30:00,2025-07-24 22:51:00,1,995.3902622027935,-440.2370162703737,4,10.0,-0.4422757917041819,24.98865545752274,0.626,0.08183878825239767
2025-07-27 10:30:00,2025-07-27 10:45:00,2025-07-27 16:56:00,1,383.2610297958489,803.075293605536,4,10.0,2.095374251938187,21.31759998035828,0.102,0.06335373363040758
2025-07-29 03:45:00,2025-07-29 04:00:00,2025-07-29 14:06:00,1,915.1521278513313,-722.3028371351102,4,10.0,-0.7892707836794213,15.483739910544774,0.628,0.29777533714753057
2025-08-05 02:15:00,2025-08-05 02:30:00,2025-08-05 08:33:00,-1,623.9046346590077,132.2771537880035,4,10.0,0.2120150203088313,16.617018872308527,0.356,0.20693955238574155
2025-08-06 01:30:00,2025-08-06 01:45:00,2025-08-06 05:37:00,-1,691.994936091625,-500.94991478884185,4,10.0,-0.7239213593356593,15.26659667046426,0.428,0.05181839046883655
2025-08-10 02:45:00,2025-08-10 03:00:00,2025-08-10 05:18:00,1,484.5492290585023,817.7043612553389,4,10.0,1.6875568305911244,21.380558197321882,0.122,0.4851669107061644
2025-08-12 14:45:00,2025-08-12 15:00:00,2025-08-13 15:15:00,1,1155.6841598367464,1238.2677868843457,4,10.0,1.0714586475419592,27.363289982752512,0.938,0.2477731669610284
2025-08-15 04:15:00,2025-08-15 04:30:00,2025-08-15 13:12:00,1,803.4854940050504,-803.4854940050573,1,10.0,-1.0000000000000084,22.000536458188378,0.312,0.28871022791914597
2025-08-16 21:45:00,2025-08-16 22:00:00,2025-08-17 02:57:00,-1,305.6397674315556,-143.9496899087535,4,10.0,-0.47097827327391006,14.416256029612404,0.024,0.4072577948395804
2025-08-17 17:45:00,2025-08-17 18:00:00,2025-08-17 22:35:00,-1,488.6792912591036,-59.38238834547519,4,10.0,-0.12151607282656457,25.043846873026446,0.25,0.15588204583284962
2025-08-19 02:45:00,2025-08-19 03:00:00,2025-08-19 10:27:00,-1,890.7095051401917,193.83732647974102,4,10.0,0.2176212618829439,25.111672888189734,0.594,0.286931111267074
2025-08-20 13:15:00,2025-08-20 13:30:00,2025-08-20 14:31:00,-1,771.81354918122,32.175267758371774,4,10.0,0.041687876291501974,14.205078974230837,0.554,0.13991821050815384
2025-08-21 05:00:00,2025-08-21 05:15:00,2025-08-21 14:17:00,-1,768.3064667367555,-291.2286223156698,4,10.0,-0.3790526761444705,9.105901237153587,0.504,0.15665504012286627
2025-08-23 06:15:00,2025-08-23 06:30:00,2025-08-24 00:40:00,-1,686.518829028931,281.3115612947586,4,10.0,0.4097652524587984,27.599659174978214,0.112,0.32576542076160625
2025-08-25 19:45:00,2025-08-25 20:00:00,2025-08-26 07:34:00,-1,1310.6341186165405,263.17784184461925,4,10.0,0.20080191573405748,18.21790792689879,0.888,0.3572804402659908
2025-08-27 08:00:00,2025-08-27 08:15:00,2025-08-27 11:36:00,-1,707.86519034538,-612.8902537938411,4,10.0,-0.865829062020695,21.420869674289182,0.328,0.20301246423521335
2025-08-28 18:00:00,2025-08-28 18:15:00,2025-08-29 12:30:00,-1,964.4050294772969,1586.7866273635882,4,10.0,1.645352915904658,20.087296076038825,0.538,0.21967178816606933
2025-09-04 22:45:00,2025-09-04 23:00:00,2025-09-04 23:50:00,1,866.316064261784,-866.3160642617877,1,10.0,-1.0000000000000042,27.827925650404605,0.604,0.5317251851040203
2025-09-09 06:00:00,2025-09-09 06:15:00,2025-09-09 14:03:00,1,714.8284112768005,-361.92454836907564,4,10.0,-0.5063096858763898,24.153586424601375,0.668,0.4695194373078284
2025-09-12 16:00:00,2025-09-12 16:15:00,2025-09-13 01:54:00,1,755.4021301589389,496.6671597880777,4,10.0,0.6574871051575899,12.371139013246406,0.752,0.12692784434511434
2025-09-13 08:30:00,2025-09-13 08:45:00,2025-09-13 13:51:00,1,361.97518601486587,-279.983581353139,4,10.0,-0.7734883278480874,16.719182978718496,0.008,0.062286314973005144
2025-09-13 21:30:00,2025-09-13 21:45:00,2025-09-14 04:16:00,1,425.3453919035338,-314.0471892047062,4,10.0,-0.7383345280861313,20.873320309209806,0.078,0.30753099042487225
2025-09-17 23:00:00,2025-09-17 23:15:00,2025-09-19 11:20:00,1,1146.3547350940037,-395.3029801253433,4,10.0,-0.3448347775986877,22.59966481534464,0.968,0.2909129776662605
2025-09-20 07:45:00,2025-09-20 08:00:00,2025-09-20 09:35:00,1,285.8178491797597,-285.8178491797589,1,10.0,-0.9999999999999972,18.02840253517889,0.014,0.3979981039310547
2025-09-23 17:00:00,2025-09-23 17:15:00,2025-09-24 04:30:00,-1,837.4204525277048,442.3293966297206,4,10.0,0.5282046734045903,11.355238282998037,0.898,0.15671182590778704
2025-09-26 20:30:00,2025-09-26 20:45:00,2025-09-28 16:01:00,-1,884.9347621125029,-884.9347621125053,1,10.0,-1.0000000000000027,16.95674044855639,0.726,0.028204646576116175
2025-09-30 19:30:00,2025-09-30 19:45:00,2025-10-01 17:44:00,1,825.6986691408329,2989.438441145554,4,10.0,3.6204956515869946,29.20302283794443,0.724,0.33777816870437427
2025-10-03 09:45:00,2025-10-03 10:00:00,2025-10-03 16:51:00,1,684.7963772572922,2689.7281636569387,4,10.0,3.927778027140982,18.995516284016972,0.422,0.12700907728181335
2025-10-04 13:00:00,2025-10-04 13:15:00,2025-10-04 15:15:00,1,541.1563573256125,-541.1563573256135,1,10.0,-1.000000000000002,15.869132481482428,0.058,0.03692320723097084
2025-10-04 22:00:00,2025-10-04 22:15:00,2025-10-05 02:40:00,1,519.1233861467925,1476.1754851376027,4,10.0,2.8435927267591534,16.339923506285253,0.024,0.23737705298994288
2025-10-08 09:15:00,2025-10-08 09:30:00,2025-10-08 13:43:00,1,1072.5691459719355,-774.2021946292516,4,10.0,-0.7218203111070185,25.084500244026536,0.71,0.25356612130914175
2025-10-09 12:15:00,2025-10-09 12:30:00,2025-10-09 13:44:00,1,901.1697381533208,-437.2996508710785,4,10.0,-0.48525780700003746,29.661946624256796,0.476,0.3083879917206881
2025-10-10 00:45:00,2025-10-10 01:00:00,2025-10-10 02:54:00,1,775.7148598983928,-775.7148598983913,1,10.0,-0.9999999999999981,17.297127399969245,0.102,0.43378768169220466
2025-10-13 11:45:00,2025-10-13 12:00:00,2025-10-13 13:31:00,-1,1136.479922266369,-1136.4799222663714,1,10.0,-1.0000000000000022,22.586157079019554,0.476,0.3005958141155271
2025-10-14 01:45:00,2025-10-14 02:00:00,2025-10-14 11:09:00,-1,859.2226303114628,3090.2798262513825,4,10.0,3.5965996672261475,27.667891932551615,0.176,0.7526124641870807
2025-10-15 03:45:00,2025-10-15 04:00:00,2025-10-15 08:30:00,-1,1284.821708625532,-1284.8217086255318,1,10.0,-0.9999999999999998,16.487337556128438,0.508,0.2836881300104593
2025-10-15 10:30:00,2025-10-15 10:45:00,2025-10-15 14:10:00,-1,1071.4984261618315,180.31543178422726,4,10.0,0.16828343129735376,11.523689119355806,0.254,0.060101136241998025
2025-10-16 04:45:00,2025-10-16 05:00:00,2025-10-16 09:44:00,-1,1100.2045891080543,18.970547855933546,4,10.0,0.017242745616352265,19.814636564323074,0.258,0.055938907159446306
2025-10-16 14:00:00,2025-10-16 14:15:00,2025-10-17 11:13:00,-1,1386.9559479096486,4896.105402787143,4,10.0,3.530108804224324,19.582458615545995,0.674,0.16412636239782213
2025-10-20 01:45:00,2025-10-20 02:00:00,2025-10-20 03:42:00,-1,959.8317116783603,-959.8317116783583,1,10.0,-0.9999999999999979,31.051413665060128,0.342,0.2473368399944459
2025-10-21 00:00:00,2025-10-21 00:15:00,2025-10-21 10:49:00,-1,832.0953592709598,1601.6795209720585,4,10.0,1.9248749594942698,12.837299935785392,0.274,0.28185860785914696
2025-10-21 23:00:00,2025-10-21 23:15:00,2025-10-23 06:15:00,-1,1923.4733782720928,43.658828970539616,4,10.0,0.02269791173806601,37.39535085558726,0.918,0.46256036553868807
2025-10-24 21:30:00,2025-10-24 21:45:00,2025-10-26 22:19:00,1,891.6674277052174,3321.570096393043,4,10.0,3.725122162353052,12.489734088325491,0.206,0.36515501117748433
2025-10-28 10:30:00,2025-10-28 10:45:00,2025-10-28 14:40:00,1,611.6143304782205,755.0442260290438,4,10.0,1.2345103579222476,23.074905602136795,0.264,0.48491379310343474
2025-10-29 13:15:00,2025-10-29 13:30:00,2025-10-29 13:47:00,1,724.89303617698,-724.8930361769744,1,10.0,-0.9999999999999923,19.017214033325423,0.406,0.11631512793930145
2025-10-31 18:00:00,2025-10-31 18:15:00,2025-11-02 07:50:00,-1,1438.285288017811,-1438.2852880178107,1,10.0,-0.9999999999999999,20.2145116025491,0.868,0.1341271970041915
2025-11-05 11:00:00,2025-11-05 11:15:00,2025-11-05 12:25:00,-1,1224.541936421187,-1224.5419364211848,1,10.0,-0.9999999999999981,11.08201874080803,0.608,0.04020770566522128
2025-11-07 09:00:00,2025-11-07 09:15:00,2025-11-07 13:20:00,-1,893.3124985015371,945.2866686646157,4,10.0,1.0581813981672274,14.217334955138734,0.182,0.06947748993128024
2025-11-10 15:45:00,2025-11-10 16:00:00,2025-11-10 20:14:00,-1,1217.2178222122286,-1217.217822212231,1,10.0,-1.000000000000002,27.634804971123234,0.716,0.23812166876320948
2025-11-10 22:00:00,2025-11-10 22:15:00,2025-11-11 01:17:00,-1,1122.8112349970625,-1122.8112349970615,1,10.0,-0.9999999999999992,16.20345145486523,0.634,0.048468274596640756
2025-11-12 16:00:00,2025-11-12 16:15:00,2025-11-13 05:48:00,-1,1543.1277562939258,-1311.5136750585807,4,10.0,-0.8499060882738547,39.766661134665426,0.962,0.7136487887265337
2025-11-13 14:30:00,2025-11-13 14:45:00,2025-11-13 14:52:00,-1,1238.6615996258058,-1238.6615996258042,1,10.0,-0.9999999999999987,24.954882218703528,0.844,0.39900655876577146
2025-11-15 11:45:00,2025-11-15 12:00:00,2025-11-15 14:06:00,-1,802.302190897288,-802.3021908972878,1,10.0,-0.9999999999999997,10.40967810382185,0.072,0.2041685426984871
2025-11-15 20:30:00,2025-11-15 20:45:00,2025-11-16 02:48:00,-1,747.9251517241894,-408.5435356322705,4,10.0,-0.5462358562089488,13.5944949008635,0.034,0.2675715913351445
2025-11-19 03:30:00,2025-11-19 03:45:00,2025-11-19 07:37:00,-1,1163.498101853012,333.7491975293233,4,10.0,0.28684979975282054,20.55845449431744,0.39,0.36070381231671156
2025-11-22 04:15:00,2025-11-22 04:30:00,2025-11-22 22:55:00,-1,1251.4522078140535,-1251.452207814058,1,10.0,-1.0000000000000036,10.830111154562466,0.348,0.25418981862840995
2025-11-24 08:15:00,2025-11-24 08:30:00,2025-11-24 16:02:00,-1,1163.366493971421,8.444674704762292,4,10.0,0.007258825785788655,11.20958383520663,0.496,0.19237536232234007
2025-11-28 05:00:00,2025-11-28 05:15:00,2025-11-28 07:53:00,1,611.0943623971463,-604.1324831961974,4,10.0,-0.988607521801315,19.77603718158933,0.01,0.16247190041843967
2025-12-03 17:45:00,2025-12-03 18:00:00,2025-12-04 14:51:00,1,1471.7767879515602,-729.4890506020747,4,10.0,-0.49565196066000466,10.100733287616572,0.898,0.003040948955393801
2025-12-06 19:30:00,2025-12-06 19:45:00,2025-12-07 03:42:00,-1,604.4878766060393,-271.33383547472476,4,10.0,-0.44886563647588285,16.597585575119403,0.114,0.30242539619748593
2025-12-07 07:30:00,2025-12-07 07:45:00,2025-12-07 14:36:00,-1,446.77028077933016,922.4862922942266,4,10.0,2.0647888455898955,16.93345097537722,0.044,0.1486997143537202
2025-12-11 19:15:00,2025-12-11 19:30:00,2025-12-12 00:59:00,1,1334.7670927373747,666.2105430168449,4,10.0,0.49912119248502235,26.102649340488874,0.844,0.17225055505105166
2025-12-14 05:15:00,2025-12-14 05:30:00,2025-12-14 11:46:00,-1,313.7569165332088,1098.4174446223915,4,10.0,3.5008549190217844,14.120955954310489,0.066,0.17732655258176797
2025-12-15 14:45:00,2025-12-15 15:00:00,2025-12-15 19:02:00,-1,1037.3688642960035,1540.4415142719954,4,10.0,1.484950596929083,29.069116789292,0.744,0.585835238147149
2025-12-17 04:15:00,2025-12-17 04:30:00,2025-12-17 07:35:00,-1,706.5521256645767,-113.32950088610232,4,10.0,-0.16039793352755904,12.407102890886488,0.414,0.272093370452007
2025-12-17 17:45:00,2025-12-17 18:00:00,2025-12-18 13:09:00,-1,1853.7512565653287,-1361.4983420870994,4,10.0,-0.7344557891816152,24.189174295635596,0.984,0.06384842611323162
2025-12-18 18:15:00,2025-12-18 18:30:00,2025-12-19 03:27:00,-1,1942.1024577483786,-640.849943664507,4,10.0,-0.3299774124211197,31.882687454533233,0.98,0.13334426907939234
2025-12-19 19:00:00,2025-12-19 19:15:00,2025-12-21 08:44:00,-1,1462.7702394100377,-1462.7702394100343,1,10.0,-0.9999999999999977,24.18402115236605,0.86,0.15359714982800435
2025-12-21 14:15:00,2025-12-21 14:30:00,2025-12-21 23:01:00,-1,740.871553588702,-740.8715535887022,1,10.0,-1.0000000000000002,30.84241359409463,0.384,0.3133687908194612
2025-12-24 14:30:00,2025-12-24 14:45:00,2025-12-24 16:33:00,-1,680.5073176149502,-504.8230901532661,4,10.0,-0.741833448496301,20.473927728442696,0.456,0.10245810304866992
2025-12-28 18:30:00,2025-12-28 18:45:00,2025-12-28 22:49:00,-1,306.34426369761127,-137.74901826349378,4,10.0,-0.4496543091776779,23.898570488096063,0.292,0.23080227687681912
2026-01-04 20:30:00,2026-01-04 20:45:00,2026-01-05 02:08:00,1,459.56955394652726,1503.85059473796,4,10.0,3.2723024878905247,22.534643575310575,0.298,0.05403217016240409
2026-01-06 12:15:00,2026-01-06 12:30:00,2026-01-06 14:48:00,1,513.8871118974005,-100.5928158632014,4,10.0,-0.19574885910601536,18.020224488914373,0.426,0.34249438552021233
2026-01-06 23:45:00,2026-01-07 00:00:00,2026-01-07 00:58:00,1,1002.0206063380747,-1002.0206063380756,1,10.0,-1.0000000000000009,24.480894856737546,0.846,0.48027007750991196
2026-01-08 17:15:00,2026-01-08 17:30:00,2026-01-09 08:46:00,1,1102.8042905380075,-694.1957207173546,4,10.0,-0.6294822451032435,23.13704883299726,0.956,0.3037160348316718
2026-01-09 16:00:00,2026-01-09 16:15:00,2026-01-09 18:31:00,1,1342.8592380978876,-1342.8592380978807,1,10.0,-0.9999999999999949,26.33831949602791,1.0,0.27726731989508874
2026-01-12 16:15:00,2026-01-12 16:30:00,2026-01-12 17:32:00,1,1001.0542358661382,-1001.0542358661332,1,10.0,-0.999999999999995,28.9763000828998,0.894,0.49978286137614325
2026-01-15 09:30:00,2026-01-15 09:45:00,2026-01-15 14:36:00,1,740.6572226846026,-740.6572226846038,1,10.0,-1.0000000000000016,17.273454617485402,0.582,0.3550598425129121
2026-01-16 22:45:00,2026-01-16 23:00:00,2026-01-18 23:01:00,1,673.0426640536832,-94.8799999999901,3,10.0,-0.14097174676644614,12.890250393522606,0.3,0.21925234106688588
2026-01-21 16:45:00,2026-01-21 17:00:00,2026-01-21 19:28:00,-1,1655.6883527045836,-1655.6883527045866,1,10.0,-1.0000000000000018,24.676519738472575,1.0,0.18830267714309526
2026-01-26 17:00:00,2026-01-26 17:15:00,2026-01-27 01:37:00,-1,1270.3627479181337,-1270.3627479181305,1,10.0,-0.9999999999999974,14.170723092577006,0.942,0.10558170169450937
2026-01-27 09:15:00,2026-01-27 09:30:00,2026-01-27 14:15:00,-1,471.08735237026787,-388.99646982703416,4,10.0,-0.8257416970967383,17.566455273203196,0.302,0.5598627897284683
2026-01-28 21:00:00,2026-01-28 21:15:00,2026-01-30 03:57:00,-1,1245.28778971314,6471.406280382478,4,10.0,5.196715437058295,21.263158444958503,0.976,0.014858114571156041
2026-01-31 08:00:00,2026-01-31 08:15:00,2026-01-31 15:05:00,-1,618.7731767169385,1688.0090977107466,4,10.0,2.727993328131831,22.794563023234943,0.208,0.31584395645297425
2026-02-04 09:15:00,2026-02-04 09:30:00,2026-02-04 15:09:00,-1,909.4944242759527,1108.4407676320698,4,10.0,1.2187438845647658,10.598622557004044,0.12,0.1711796703317246
2026-02-07 07:30:00,2026-02-07 07:45:00,2026-02-08 08:22:00,-1,1841.8527346650294,-1560.68364622003,4,10.0,-0.8473444249080344,26.051233326121448,0.618,0.3538180037810128
2026-02-09 00:45:00,2026-02-09 01:00:00,2026-02-09 16:45:00,-1,1342.7855969750296,409.54920403329015,4,10.0,0.3049996998447892,14.626966826399256,0.346,0.2503241986131799
2026-02-10 19:00:00,2026-02-10 19:15:00,2026-02-11 14:10:00,-1,1310.3310608482964,787.3819188689376,4,10.0,0.6009030407622282,21.270943441383224,0.478,0.03829101000925424
2026-02-12 05:00:00,2026-02-12 05:15:00,2026-02-12 10:31:00,-1,933.5620392239584,-933.5620392239653,1,10.0,-1.0000000000000073,12.452287033906167,0.258,0.19793465631169724
2026-02-15 02:15:00,2026-02-15 02:30:00,2026-02-15 04:03:00,-1,685.2145690748724,-685.214569074873,1,10.0,-1.0000000000000009,18.42356896394972,0.17,0.24831053583803314
2026-02-15 13:15:00,2026-02-15 13:30:00,2026-02-16 12:26:00,-1,896.419863834929,-217.7964851132274,4,10.0,-0.24296258249062347,26.490231640078598,0.606,0.4923092344155663
2026-02-16 14:30:00,2026-02-16 14:45:00,2026-02-16 21:57:00,-1,1113.699430065976,-265.25257342131226,4,10.0,-0.23817249633107795,17.943052189598053,0.814,0.14102473247820632
2026-02-20 13:30:00,2026-02-20 13:45:00,2026-02-20 15:01:00,-1,831.1180766793739,-831.1180766793696,1,10.0,-0.9999999999999948,37.06074470920652,0.73,0.37688412507634156
2026-02-23 15:15:00,2026-02-23 15:30:00,2026-02-24 14:48:00,-1,949.0541886609341,2117.8344151187557,4,10.0,2.2315210663649347,22.81323502998017,0.846,0.2500385665931678
2026-03-01 10:45:00,2026-03-01 11:00:00,2026-03-01 13:52:00,-1,892.1078236433272,-860.2470981911029,4,10.0,-0.9642860149773078,25.803270719677403,0.45,0.3609683058974206
2026-03-01 17:00:00,2026-03-01 17:15:00,2026-03-01 22:13:00,-1,1053.4233459659517,-359.974461287944,4,10.0,-0.3417187047035304,23.756236168761752,0.694,0.12357950997777188
2026-03-05 10:15:00,2026-03-05 10:30:00,2026-03-05 14:42:00,1,1085.726132389756,-1054.4848431863502,4,10.0,-0.9712254423363269,18.08628837000225,0.508,0.21038611480656974
2026-03-08 13:30:00,2026-03-08 13:45:00,2026-03-09 03:01:00,-1,871.5771576199173,261.0171231734421,4,10.0,0.29947678285445384,30.765211578059148,0.398,0.13845348384337047
2026-03-17 17:45:00,2026-03-17 18:00:00,2026-03-18 00:38:00,1,993.614025022182,-993.6140250221797,1,10.0,-0.9999999999999977,23.483522760707082,0.732,0.33224607985489346
2026-03-23 06:45:00,2026-03-23 07:00:00,2026-03-23 08:15:00,-1,904.425168382071,-843.6502245094307,4,10.0,-0.9328026839618354,22.817791468012892,0.792,0.014183286686372643
2026-03-23 09:15:00,2026-03-23 09:30:00,2026-03-23 11:05:00,-1,923.0810924441332,-912.1947899255028,4,10.0,-0.9882065588736028,16.08327765815876,0.796,0.0023683593655258613
2026-03-24 05:15:00,2026-03-24 05:30:00,2026-03-24 07:10:00,-1,682.2523393941526,-682.2523393941519,1,10.0,-0.999999999999999,13.602740975593884,0.356,0.2356397401466585
2026-03-24 14:00:00,2026-03-24 14:15:00,2026-03-24 20:26:00,-1,936.4392236317387,-291.465631508996,4,10.0,-0.3112488500627104,27.531659017154755,0.79,0.3651373879929886
2026-03-28 10:30:00,2026-03-28 10:45:00,2026-03-28 12:17:00,-1,355.24210382960086,-355.24210382960155,1,10.0,-1.000000000000002,13.604123428000188,0.026,0.13339145597210547
2026-03-28 23:30:00,2026-03-28 23:45:00,2026-03-29 03:15:00,-1,466.8076095401567,-466.80760954016296,1,10.0,-1.0000000000000133,23.66389921997179,0.11,0.395663053726244
2026-04-01 18:45:00,2026-04-01 19:00:00,2026-04-02 14:36:00,-1,859.0809398729828,1222.9187468360178,4,10.0,1.4235198222612522,15.186052562369593,0.758,0.010764787002670397
2026-04-05 01:45:00,2026-04-05 02:00:00,2026-04-05 08:57:00,-1,247.4210503637152,148.76526618171192,4,10.0,0.6012635786770092,19.992637373612787,0.112,0.3011777729942545
2026-04-08 21:15:00,2026-04-08 21:30:00,2026-04-08 23:01:00,1,744.3622833178342,-744.3622833178379,1,10.0,-1.0000000000000049,17.74763743170268,0.708,0.10056886615894596
2026-04-09 09:30:00,2026-04-09 09:45:00,2026-04-09 13:38:00,1,561.9008710207613,-455.88116136100143,4,10.0,-0.8113195491810465,14.680366318410307,0.41,0.2671822270358791
2026-04-09 15:30:00,2026-04-09 15:45:00,2026-04-09 22:59:00,1,916.8452109442096,-138.6102812589379,4,10.0,-0.15118176940270062,21.086963911226547,0.918,0.23359772048809174
2026-04-10 11:30:00,2026-04-10 11:45:00,2026-04-10 15:40:00,1,513.3028260003291,447.5762319995556,4,10.0,0.871953570735394,19.326306340069188,0.15,0.14109572690379535
2026-04-11 11:00:00,2026-04-11 11:15:00,2026-04-11 13:10:00,1,322.45372242190285,-317.23829656254384,4,10.0,-0.9838258159335649,16.66447603386709,0.012,0.2013767863367042
2026-04-11 16:30:00,2026-04-11 16:45:00,2026-04-11 20:32:00,1,393.3342294882731,170.64436068230134,4,10.0,0.4338406065099121,21.055339219145996,0.088,0.21118620590833884
2026-04-13 13:30:00,2026-04-13 13:45:00,2026-04-13 15:30:00,1,537.2416727632402,741.3277696490259,4,10.0,1.3798776365133636,17.68548908314714,0.418,0.35224517269624106
2026-04-15 01:45:00,2026-04-15 02:00:00,2026-04-15 05:40:00,1,763.2190278024907,-763.2190278024937,1,10.0,-1.0000000000000038,21.44200099229848,0.7,0.24439062263478417
2026-04-19 13:30:00,2026-04-19 13:45:00,2026-04-19 15:36:00,1,599.5413169728488,-599.5413169728417,1,10.0,-0.9999999999999882,32.126636874186694,0.446,0.4548772954456157
2026-04-20 08:00:00,2026-04-20 08:15:00,2026-04-21 03:02:00,1,821.8171294470951,659.3438274038635,4,10.0,0.802299932404012,27.0008923120293,0.774,0.1412230643671491
2026-04-23 15:45:00,2026-04-23 16:00:00,2026-04-23 17:17:00,1,840.1027715734643,-840.1027715734672,1,10.0,-1.0000000000000033,29.039350165914144,0.812,0.45395234005003027
2026-04-23 22:15:00,2026-04-23 22:30:00,2026-04-24 04:39:00,1,797.59349748576,-647.6879966476699,4,10.0,-0.8120527545539995,15.653294530535252,0.658,0.16379500773138952
2026-04-24 11:45:00,2026-04-24 12:00:00,2026-04-24 15:06:00,1,606.6561284098082,-575.1248378797463,4,10.0,-0.948024442425542,18.84403688232032,0.19,0.23777305136716834
2026-04-29 14:45:00,2026-04-29 15:00:00,2026-04-29 21:16:00,-1,728.6189209900169,702.1481053466414,4,10.0,0.9636698761440231,32.76589584915239,0.888,0.4075804698351326
2026-05-03 09:15:00,2026-05-03 09:30:00,2026-05-03 20:48:00,1,315.47874085723015,368.41167885701,4,10.0,1.1677860696918865,22.753435886829656,0.116,0.29540259080519343
2026-05-04 01:45:00,2026-05-04 02:00:00,2026-05-04 10:03:00,1,904.4053969178365,-367.11386255710386,4,10.0,-0.40591737268287825,23.64146512466567,0.984,0.22669881050149643
2026-05-04 15:15:00,2026-05-04 15:30:00,2026-05-06 14:07:00,1,1219.2798452602267,1499.6935396530316,4,10.0,1.2299830473560869,27.36131185559951,1.0,0.34904677180678817
2026-05-08 10:45:00,2026-05-08 11:00:00,2026-05-08 13:11:00,1,501.63095395614846,-371.58127194154076,4,10.0,-0.740746297673695,23.369980864268975,0.194,0.4197260013448589
2026-05-13 01:15:00,2026-05-13 01:30:00,2026-05-13 11:10:00,1,532.4447479193797,-468.1163305591763,4,10.0,-0.8791829244037473,15.458860634291003,0.58,0.18710192917892693
2026-05-14 11:15:00,2026-05-14 11:30:00,2026-05-14 13:04:00,-1,545.6720854297532,-545.67208542976,1,10.0,-1.0000000000000124,17.697808926699643,0.6,0.2795522486022753
2026-05-17 15:00:00,2026-05-17 15:15:00,2026-05-17 19:40:00,-1,401.81148582543267,-298.60864776725066,4,10.0,-0.7431560776661855,24.719345902081077,0.232,0.3271470577003757
2026-05-17 22:45:00,2026-05-17 23:00:00,2026-05-17 23:52:00,-1,491.1746380300842,616.9804826265608,4,10.0,1.256132615277198,21.38175761526706,0.424,0.07745822622107992
2026-05-18 13:30:00,2026-05-18 13:45:00,2026-05-18 20:00:00,-1,715.2417967216846,-172.145728962234,4,10.0,-0.24068186416295168,33.41270025721777,0.844,0.04026941345531721
2026-05-19 02:45:00,2026-05-19 03:00:00,2026-05-19 07:21:00,-1,652.069157434996,-652.0691574349912,1,10.0,-0.9999999999999927,15.447757186973915,0.688,0.27530080251733685
2026-05-24 15:15:00,2026-05-24 15:30:00,2026-05-24 22:09:00,-1,538.082574030534,-370.5334320407128,4,10.0,-0.6886181599697866,37.06814144849407,0.618,0.538572920292375
2026-05-25 21:45:00,2026-05-25 22:00:00,2026-05-26 05:35:00,-1,353.22264392513443,445.9264747664856,4,10.0,1.2624515512686094,25.217396805767315,0.034,0.3711722129427125
2026-05-26 15:30:00,2026-05-26 15:45:00,2026-05-28 15:45:00,-1,1062.2312601021683,3559.0599999999977,3,10.0,3.3505509898641823,15.107213187690812,1.0,0.2565514482148665
2026-05-29 03:15:00,2026-05-29 03:30:00,2026-05-29 06:22:00,-1,534.5689725431894,-533.1986300575809,4,10.0,-0.9974365469078964,17.422909331312244,0.48,0.12228078892226062
2026-05-29 12:15:00,2026-05-29 12:30:00,2026-05-29 14:51:00,-1,431.6594853437583,263.0840195416531,4,10.0,0.6094711884580558,16.12156435675753,0.23,0.253663931086673
2026-05-29 22:15:00,2026-05-29 22:30:00,2026-05-30 18:45:00,-1,705.7424852653164,-620.3399803537613,4,10.0,-0.8789891402393766,15.565036818763605,0.766,0.2672298531521959
2026-06-06 10:00:00,2026-06-06 10:15:00,2026-06-07 01:18:00,-1,1022.8619337796331,-930.2959117061764,4,10.0,-0.9095029162622067,11.180583272346553,0.4,0.1972270420869998
2026-06-07 19:30:00,2026-06-07 19:45:00,2026-06-07 20:51:00,-1,746.5102837008606,-746.5102837008599,1,10.0,-0.9999999999999991,21.259498449628293,0.154,0.3629242819843332
2026-06-08 23:45:00,2026-06-09 00:00:00,2026-06-09 04:49:00,-1,737.6010113171465,-319.90801508953155,4,10.0,-0.43371417633805365,17.69381154748874,0.172,0.14632884413418432
2026-06-12 06:45:00,2026-06-12 07:00:00,2026-06-12 08:21:00,-1,531.6432562870241,-531.643256287025,1,10.0,-1.0000000000000018,20.52350122600396,0.036,0.21335978581196915
2026-06-14 21:45:00,2026-06-14 22:00:00,2026-06-15 19:20:00,1,706.587648868328,1023.8131348422321,4,10.0,1.4489541905833947,38.916764820038004,0.708,0.6717316906228613
2026-06-16 08:15:00,2026-06-16 08:30:00,2026-06-16 13:08:00,1,518.7400847583671,-257.9634463444818,4,10.0,-0.49728843774362075,24.618341318718084,0.446,0.3835082739784761
2026-06-17 16:15:00,2026-06-17 16:30:00,2026-06-17 18:00:00,1,832.9302271956631,-832.9302271956622,1,10.0,-0.9999999999999989,28.049541778291058,0.99,0.5776206282772873
2026-06-21 13:30:00,2026-06-21 13:45:00,2026-06-22 00:31:00,-1,403.27754703645604,238.04660395139217,4,10.0,0.5902798350682115,19.127901835255507,0.216,0.04525167271956743
2026-06-24 10:00:00,2026-06-24 10:15:00,2026-06-24 11:48:00,-1,381.6174431764988,-207.26325756866572,4,10.0,-0.5431178822525837,8.54602710033314,0.198,0.19274287089926478
2026-06-26 11:00:00,2026-06-26 11:15:00,2026-06-26 13:48:00,-1,817.9549917549225,-66.66665567323071,4,10.0,-0.08150406360403449,22.493930906302385,0.778,0.08561122213262468
2026-06-29 14:00:00,2026-06-29 14:15:00,2026-06-29 17:03:00,-1,1076.9114850224805,-1076.9114850224796,1,10.0,-0.9999999999999991,13.99042591432218,0.886,0.21953659529758332
2026-07-01 08:15:00,2026-07-01 08:30:00,2026-07-01 13:45:00,-1,587.8788938247362,-499.8285250996487,4,10.0,-0.8502236265836448,18.242440182455088,0.528,0.1749697320315607
2026-07-06 16:30:00,2026-07-06 16:45:00,2026-07-07 03:01:00,1,1087.374514935623,-479.19268658083456,4,10.0,-0.44068780351101455,33.550566669739226,0.998,0.17352395715713648
2026-07-09 01:00:00,2026-07-09 01:15:00,2026-07-09 01:50:00,1,554.2329115168197,-554.2329115168177,1,10.0,-0.9999999999999963,11.203545654199553,0.534,0.13187426171412897
2026-07-09 05:30:00,2026-07-09 05:45:00,2026-07-09 12:46:00,1,601.0634045205152,100.21212730597472,4,10.0,0.16672471914326026,17.438222456141787,0.628,0.07200586550265925
2026-07-10 23:00:00,2026-07-10 23:15:00,2026-07-11 15:37:00,1,411.2906633872474,-163.50755118300003,4,10.0,-0.3975474420848956,11.37596076074163,0.034,0.20201883570329085
2026-07-17 16:45:00,2026-07-17 17:00:00,2026-07-19 17:00:00,1,713.5738595254535,955.0199999999968,3,10.0,1.338361806912478,15.534923045184449,0.938,0.09965743502343308
2026-07-19 22:30:00,2026-07-19 22:45:00,2026-07-20 00:51:00,1,391.6921112501409,-230.80614833352593,4,10.0,-0.5892540127930466,27.916619530631625,0.384,0.1606665954491995
2026-07-20 12:15:00,2026-07-20 12:30:00,2026-07-20 14:21:00,1,592.1676108460058,-592.1676108460088,1,10.0,-1.0000000000000049,24.585793933233422,0.796,0.26484317914205624
2026-07-24 03:30:00,2026-07-24 03:45:00,2026-07-24 09:04:00,1,440.8370189824212,-185.8026919765689,4,10.0,-0.42147706289606757,15.277079923504429,0.548,0.16167261131839886
2026-07-27 13:30:00,2026-07-27 13:45:00,2026-07-27 14:06:00,1,534.4350241868644,-534.4350241868669,1,10.0,-1.0000000000000047,17.685064490489175,0.916,0.26599671862181873
2026-07-31 02:30:00,2026-07-31 02:45:00,2026-07-31 17:52:00,-1,603.3500975852246,978.6332032197024,4,10.0,1.621998914289507,23.646401711439157,0.816,0.23174455712970932
2026-08-04 09:30:00,2026-08-04 09:45:00,2026-08-04 11:44:00,-1,324.9197387894569,-317.9763183859395,4,10.0,-0.9786303521313101,15.75771246000881,0.318,0.6070358178155661
2026-08-05 10:15:00,2026-08-05 10:30:00,2026-08-05 13:10:00,1,338.8690482674983,-74.82539768999413,4,10.0,-0.22080918299427588,8.614969813861915,0.352,0.23430784798006468
2026-08-06 04:15:00,2026-08-06 04:30:00,2026-08-06 10:10:00,1,310.15737645340914,-121.3531686045535,4,10.0,-0.3912632031912444,22.42235306617824,0.308,0.009434203461770646
2026-08-06 16:45:00,2026-08-06 17:00:00,2026-08-06 23:22:00,1,496.45086614248135,-496.4508661424843,1,10.0,-1.000000000000006,21.670700301975618,0.82,0.08284653824098384
2026-08-10 06:30:00,2026-08-10 06:45:00,2026-08-10 12:59:00,1,388.78083062348753,-388.7808306234874,1,10.0,-0.9999999999999997,16.053172782886016,0.714,0.17161750405186624
2026-08-11 10:15:00,2026-08-11 10:30:00,2026-08-11 13:26:00,1,243.31263180522757,-133.53684240696748,4,10.0,-0.5488282355758006,22.817048791651,0.418,0.3321755636554648
2026-08-11 14:45:00,2026-08-11 15:00:00,2026-08-12 01:13:00,-1,424.0957713565591,-21.771028475406638,4,10.0,-0.051335169897515,29.755067250283847,0.824,0.40932988529847675
2026-08-12 06:30:00,2026-08-12 06:45:00,2026-08-12 09:19:00,-1,279.3262385855933,-279.32623858559236,1,10.0,-0.9999999999999968,12.40130243178555,0.49,0.21753924265985633
2026-08-12 14:45:00,2026-08-12 15:00:00,2026-08-13 05:15:00,-1,525.3556675362289,-525.355667536227,1,10.0,-0.9999999999999963,27.134332577036144,0.964,0.461189607311061
2026-08-16 21:30:00,2026-08-16 21:45:00,2026-08-17 01:01:00,-1,224.18902952118236,-78.07870602823823,4,10.0,-0.34827175172218233,23.672145489762144,0.356,0.5187024654934717
2026-08-19 12:00:00,2026-08-19 12:15:00,2026-08-19 13:36:00,1,224.51555145462714,413.5659313938304,4,10.0,1.8420369044119818,23.734004832549182,0.358,0.1905826172661315
2026-08-26 05:30:00,2026-08-26 05:45:00,2026-08-26 09:23:00,1,707.156287750473,-707.1562877504766,1,10.0,-1.000000000000005,12.385915862584257,0.182,0.38646404922163297
2026-08-26 21:30:00,2026-08-26 21:45:00,2026-08-27 10:26:00,1,680.7336559675201,892.0751253766211,4,10.0,1.3104613200132194,15.174255234831024,0.172,0.38473723275222116
2026-08-29 15:00:00,2026-08-29 15:15:00,2026-08-30 17:24:00,1,382.151014612586,953.0453138498706,4,10.0,2.493897117651359,18.27642401866512,0.08,0.3922008758610061
2026-08-31 09:00:00,2026-08-31 09:15:00,2026-08-31 12:31:00,1,733.5124842760456,-733.5124842760415,1,10.0,-0.9999999999999944,18.76804284995052,0.692,0.6163204016752137
2026-09-02 05:45:00,2026-09-02 06:00:00,2026-09-02 08:41:00,1,596.3026471940808,-596.302647194083,1,10.0,-1.0000000000000036,17.45512178100944,0.452,0.18181818181818182
2026-09-02 17:30:00,2026-09-02 17:45:00,2026-09-03 22:27:00,1,844.518772565433,3892.3349699127575,4,10.0,4.608938363902599,17.01672941476476,0.828,0.14895331565305445
2026-09-11 10:45:00,2026-09-11 11:00:00,2026-09-11 12:29:00,-1,426.4733006164852,-319.8510674886493,4,10.0,-0.7499908365337081,19.854679348341758,0.218,0.18150816865234984
2026-09-11 19:15:00,2026-09-11 19:30:00,2026-09-13 19:30:00,-1,1074.1791007175257,-48.129999999990105,3,10.0,-0.044806308340797574,28.433944325846465,0.956,0.47071787181325997
2026-09-15 00:45:00,2026-09-15 01:00:00,2026-09-15 15:25:00,-1,592.2681936739274,1611.2290751014225,4,10.0,2.7204382952032757,33.74667881894884,0.64,0.4644618768788136
2026-09-16 13:15:00,2026-09-16 13:30:00,2026-09-16 18:05:00,-1,566.36502791973,-282.06337055964104,4,10.0,-0.4980239892206364,14.222673550246258,0.558,0.2063101590785829
2026-09-20 15:45:00,2026-09-20 16:00:00,2026-09-20 21:02:00,1,481.81656156030175,-44.29208208039927,4,10.0,-0.09192727194134835,24.142721605177577,0.256,0.4767211731879958
2026-09-22 09:15:00,2026-09-22 09:30:00,2026-09-23 07:44:00,1,863.5606575650113,241.70578991330694,4,10.0,0.2798943974530366,27.225907806629692,0.774,0.1365097877234347
2026-09-24 15:45:00,2026-09-24 16:00:00,2026-09-25 13:44:00,1,1092.5868023152111,-610.2324030869495,4,10.0,-0.5585207525789768,22.696771902497403,0.896,0.2445250856738251
