test_from,test_to,params,sl_atr,rr,train_pf,trades,win_rate,pf,exp_r,net_pct,max_dd_pct
2024-01-01,2024-04-01,"{""rng_atr"": 2.0, ""trend_filter"": 1}",1.0,3.0,1.0437958875381124,36,30.555555555555557,1.3179237444011624,0.2211281952180163,7.6258334946612605,10.519181284795277
2024-04-01,2024-07-01,"{""rng_atr"": 2.0, ""trend_filter"": 0}",1.0,1.0,1.0510204081632673,45,40.0,0.6666666666666655,-0.20000000000000118,-8.812568662559217,12.34437676345306
2024-07-01,2024-10-01,"{""rng_atr"": 1.5, ""trend_filter"": 0}",2.0,2.0,1.0004587421567006,78,39.743589743589745,1.315431635524598,0.18284396358818386,14.412578179944035,5.215752846561224
2024-10-01,2025-01-01,"{""rng_atr"": 2.0, ""trend_filter"": 1}",2.0,2.0,1.2719644974257542,33,33.33333333333333,0.9235743044853328,-0.04970455804115846,-1.9146670776595376,6.31490171084349
2025-01-01,2025-04-01,"{""rng_atr"": 1.5, ""trend_filter"": 0}",1.0,3.0,1.238458108189198,67,20.8955223880597,0.7924528301886824,-0.16417910447760894,-11.205419552934758,14.501990497776006
2025-04-01,2025-07-01,"{""rng_atr"": 2.0, ""trend_filter"": 0}",2.0,3.0,1.2132293781018666,34,35.294117647058826,1.6572233172164423,0.4086439006234454,14.204850182559948,5.851985059900016
2025-07-01,2025-10-01,"{""rng_atr"": 2.0, ""trend_filter"": 0}",2.0,3.0,1.4677333855132384,27,40.74074074074074,1.7510572544188892,0.4450709655815622,12.246623432541348,4.900995009999976
2025-10-01,2026-01-01,"{""rng_atr"": 2.0, ""trend_filter"": 1}",2.0,3.0,1.5402554081780528,29,44.827586206896555,2.007892390652931,0.5381581514304585,16.284038216653407,5.093712637108387
2026-01-01,2026-04-01,"{""rng_atr"": 2.0, ""trend_filter"": 1}",2.0,3.0,1.8065696380051137,44,36.36363636363637,1.6662143869927792,0.4018347563506539,18.432726174806312,5.851985059900033
2026-04-01,2026-07-01,"{""rng_atr"": 2.0, ""trend_filter"": 1}",2.0,3.0,1.8620969754390897,39,28.205128205128204,0.7743572998788927,-0.1527960808485344,-6.147170254381962,7.579929481238645
