gio,so_tick,trung_vi,p90,p99,lon_nhat
0,116300,160.0,160.0,160.0,240
1,231341,160.0,160.0,160.0,160
2,142355,160.0,160.0,160.0,160
3,97812,160.0,160.0,160.0,160
4,72574,160.0,160.0,160.0,160
5,121555,160.0,160.0,160.0,160
6,123141,160.0,160.0,160.0,160
7,92747,160.0,160.0,160.0,160
8,98829,160.0,160.0,160.0,160
9,86888,160.0,160.0,160.0,160
10,73789,160.0,160.0,160.0,160
11,79991,160.0,160.0,160.0,160
12,101477,160.0,160.0,160.0,160
13,189536,160.0,160.0,160.0,400
14,229789,160.0,160.0,160.0,160
15,225736,160.0,160.0,160.0,240
16,156948,160.0,160.0,160.0,160
17,111322,160.0,160.0,160.0,160
18,105071,160.0,160.0,160.0,160
19,81145,160.0,160.0,160.0,160
20,87534,160.0,160.0,160.0,160
21,40382,160.0,160.0,160.0,160
23,66759,160.0,160.0,160.0,480
