von,lot0,tran_lot,khoang,hat,giay,net,chay,dd_pt,dd_tien,basket,vi_pham,swap,net_dd,thang_am,bo1thang,bo2thang,gio_chan_ml,chan_ml_dau,lenh_max_ngay,chan_ngay,ngay_x2,ngay_chay_dau,so_lenh,von_thap,basket_ngay,so_ngay,lai_ngay_tb,lai_ngay_tv,ngay_lo_pt,ngay_xau,ngay_tot,chot_ngay_tb,lot_gd,lot_ngay,gio_tv,gio_p95,gio_max,sau_max,lot_max,buy,sell,co_hd,gio_khoa
10000.0,0.01,0.5,CA_9_THANG,,19.6,28399.5,0,90.9,11025.1,5361,0,-127.1,2.58,0,21230.1,15075.9,0.0,0,175,0,43.7,,7076,949.4,23.31,230,123.48,89.13,18.7,-2028.9,2220.2,123.48,83.48,0.36,0.12,3.7,124.0,21,1.15,9905.9,18494.4,0,0.0
10000.0,0.01,0.5,CA_9_THANG,11,21.9,21322.1,1,100.3,12619.4,7096,0,-138.9,1.69,1,12839.6,5768.2,0.0,0,201,0,101.8,21.4,8821,-7201.6,30.85,230,92.7,107.24,17.4,-11585.5,2097.8,92.54,98.57,0.43,0.06,2.7,123.3,19,1.02,-526.2,21810.7,0,0.0
10000.0,0.01,0.5,CA_9_THANG,12,20.3,21010.3,1,100.1,12844.5,7244,0,-137.8,1.64,1,12392.8,5266.8,0.0,0,206,0,105.9,21.4,8947,-2388.8,31.5,230,91.35,105.35,17.8,-14233.6,3844.5,91.35,99.41,0.43,0.05,2.7,124.0,19,1.0,-1437.0,22447.6,0,0.0
10000.0,0.01,0.5,CA_9_THANG,13,24.0,34305.4,0,75.3,11371.4,7257,0,-136.1,3.02,0,25627.5,18787.0,0.0,0,206,0,33.2,,9003,3126.1,31.55,230,149.15,109.45,17.8,-1841.4,2214.1,149.16,102.02,0.44,0.06,2.7,123.3,21,1.07,11428.1,22878.0,0,0.0
10000.0,0.01,0.5,CA_9_THANG,14,20.3,33861.5,0,66.6,10995.5,7131,0,-138.3,3.08,0,25168.7,18018.7,0.0,0,202,0,34.2,,8868,3495.7,31.0,230,147.22,111.0,17.4,-1817.1,1936.5,147.06,99.67,0.43,0.06,2.8,123.3,19,1.15,11135.2,22688.8,0,0.0
20000.0,0.01,0.5,CA_9_THANG,,16.5,28399.5,0,46.5,11025.1,5361,0,-127.1,2.58,0,21230.1,15075.9,0.0,0,175,0,110.3,,7076,10949.4,23.31,230,123.48,89.13,18.7,-2028.9,2220.2,123.48,83.48,0.36,0.12,3.7,124.0,21,1.15,9905.9,18494.4,0,0.0
20000.0,0.01,0.5,CA_9_THANG,11,25.6,33816.6,0,57.3,12937.5,7094,0,-138.9,2.61,0,25334.1,18262.8,0.0,0,201,0,77.7,,8823,9648.7,30.84,230,147.03,107.41,17.0,-1911.5,2097.8,146.87,100.7,0.44,0.06,2.7,123.3,21,1.19,12046.5,21732.7,0,0.0
20000.0,0.01,0.5,CA_9_THANG,12,21.1,34304.2,0,60.8,13883.2,7269,0,-138.3,2.47,0,25686.7,18560.7,0.0,0,205,0,76.8,,8989,8949.6,31.6,230,149.15,108.07,17.4,-2039.0,2225.8,149.15,101.84,0.44,0.05,2.6,124.0,20,1.4,11921.1,22383.4,0,0.0
20000.0,0.01,0.5,CA_9_THANG,13,19.6,34305.4,0,42.3,11371.4,7257,0,-136.1,3.02,0,25627.5,18787.0,0.0,0,206,0,77.5,,9003,13126.1,31.55,230,149.15,109.45,17.8,-1841.4,2214.1,149.16,102.02,0.44,0.06,2.7,123.3,21,1.07,11428.1,22878.0,0,0.0
20000.0,0.01,0.5,CA_9_THANG,14,24.9,33861.5,0,41.1,10995.5,7131,0,-138.3,3.08,0,25168.7,18018.7,0.0,0,202,0,77.4,,8868,13495.7,31.0,230,147.22,111.0,17.4,-1817.1,1936.5,147.06,99.67,0.43,0.06,2.8,123.3,19,1.15,11135.2,22688.8,0,0.0
50000.0,0.01,0.5,CA_9_THANG,,16.3,28399.5,0,19.7,11025.1,5361,0,-127.1,2.58,0,21230.1,15075.9,0.0,0,175,0,,,7076,40949.4,23.31,230,123.48,89.13,18.7,-2028.9,2220.2,123.48,83.48,0.36,0.12,3.7,124.0,21,1.15,9905.9,18494.4,0,0.0
50000.0,0.01,0.5,CA_9_THANG,11,20.6,33816.6,0,24.6,12937.5,7094,0,-138.9,2.61,0,25334.1,18262.8,0.0,0,201,0,,,8823,39648.7,30.84,230,147.03,107.41,17.0,-1911.5,2097.8,146.87,100.7,0.44,0.06,2.7,123.3,21,1.19,12046.5,21732.7,0,0.0
50000.0,0.01,0.5,CA_9_THANG,12,20.9,34304.2,0,26.3,13883.2,7269,0,-138.3,2.47,0,25686.7,18560.7,0.0,0,205,0,,,8989,38949.6,31.6,230,149.15,108.07,17.4,-2039.0,2225.8,149.15,101.84,0.44,0.05,2.6,124.0,20,1.4,11921.1,22383.4,0,0.0
50000.0,0.01,0.5,CA_9_THANG,13,20.2,34305.4,0,20.0,11371.4,7257,0,-136.1,3.02,0,25627.5,18787.0,0.0,0,206,0,,,9003,43126.1,31.55,230,149.15,109.45,17.8,-1841.4,2214.1,149.16,102.02,0.44,0.06,2.7,123.3,21,1.07,11428.1,22878.0,0,0.0
50000.0,0.01,0.5,CA_9_THANG,14,20.7,33861.5,0,19.4,10995.5,7131,0,-138.3,3.08,0,25168.7,18018.7,0.0,0,202,0,,,8868,43495.7,31.0,230,147.22,111.0,17.4,-1817.1,1936.5,147.06,99.67,0.43,0.06,2.8,123.3,19,1.15,11135.2,22688.8,0,0.0
50000.0,0.02,1.0,CA_9_THANG,,16.4,56862.1,0,41.5,23348.2,5222,0,-306.3,2.44,0,42276.0,29674.0,0.0,0,176,0,200.1,,6937,29346.4,22.7,230,247.23,178.21,21.7,-4472.9,7078.2,247.23,167.2,0.73,0.12,3.5,192.1,21,2.48,18659.4,38204.0,0,0.0
50000.0,0.02,1.0,CA_9_THANG,11,20.1,70331.7,0,46.9,26338.1,7395,0,-301.8,2.67,0,53111.5,38146.7,0.0,0,202,0,115.7,,9138,29766.8,32.15,230,305.79,220.63,17.0,-3870.6,4347.3,305.31,210.39,0.91,0.06,2.6,147.5,21,2.41,25015.7,45203.9,0,0.0
50000.0,0.02,1.0,CA_9_THANG,12,19.5,70818.2,0,51.4,28524.1,7487,0,-312.5,2.48,0,53035.9,37924.8,0.0,0,209,0,111.6,,9223,27005.6,32.55,230,307.91,219.03,17.8,-4262.3,4734.3,307.91,213.63,0.93,0.05,2.5,147.5,20,2.84,24868.3,45950.4,0,0.0
50000.0,0.02,1.0,CA_9_THANG,13,20.0,69418.3,0,27.2,15344.8,7403,0,-311.4,4.52,0,52237.2,37135.9,0.0,0,203,0,127.0,,9131,41043.5,32.19,230,301.82,228.54,17.0,-3799.2,7814.1,301.83,203.45,0.88,0.06,2.7,147.5,20,1.15,24514.2,44905.8,0,0.0
50000.0,0.02,1.0,CA_9_THANG,14,20.6,69326.3,0,36.5,23261.5,7380,0,-310.2,2.98,0,51579.2,37371.4,0.0,0,207,0,129.8,,9095,40383.7,32.09,230,301.42,221.18,17.0,-3737.4,7935.2,300.93,204.78,0.89,0.06,2.6,147.6,19,2.37,23149.0,46065.3,0,0.0
50000.0,0.05,2.5,CA_9_THANG,,16.5,147624.8,0,93.8,57449.3,5458,0,-832.7,2.57,0,110656.2,81129.3,0.0,0,180,0,43.4,,7181,3273.5,23.73,230,641.85,476.0,20.0,-23374.0,30995.6,641.86,445.93,1.94,0.12,3.5,150.1,20,6.41,51582.4,96046.0,0,0.0
50000.0,0.05,2.5,CA_9_THANG,11,20.0,179668.8,0,72.9,57873.4,7357,0,-841.7,3.1,0,134230.3,95991.9,0.0,0,200,0,29.3,,9081,14267.9,31.99,230,781.17,586.85,17.8,-9933.4,11008.2,780.04,526.25,2.29,0.06,2.5,123.3,20,5.13,62589.2,116817.8,0,0.0
50000.0,0.05,2.5,CA_9_THANG,12,20.4,118112.8,1,100.3,65259.6,7498,0,-884.8,1.81,1,71929.8,33197.2,0.0,0,215,0,83.3,21.4,9236,-33214.9,32.6,230,513.53,561.58,18.3,-59594.1,11841.5,513.54,533.08,2.32,0.06,2.4,124.1,19,5.91,-771.6,118885.6,0,0.0
50000.0,0.05,2.5,CA_9_THANG,13,20.4,181192.6,0,97.1,51216.9,7517,0,-818.2,3.54,0,134299.4,96378.6,0.1,0,205,0,28.8,,9247,1538.2,32.68,230,787.79,611.1,17.8,-11088.9,12410.1,787.81,530.58,2.31,0.06,2.5,150.4,19,5.09,62722.8,118473.8,0,0.0
50000.0,0.05,2.5,CA_9_THANG,14,19.9,176744.5,0,98.1,58482.2,7328,0,-811.4,3.02,0,130689.4,93563.0,0.4,0,202,0,32.8,,9040,987.8,31.86,230,768.45,563.91,17.4,-11260.8,20542.9,767.32,525.5,2.28,0.06,2.5,124.3,19,5.91,57192.0,119290.8,0,0.0
50000.0,0.08,4.0,CA_9_THANG,,16.9,181088.3,1,100.4,94258.3,5482,0,-1566.3,1.92,1,120265.7,73377.5,0.6,0,173,0,61.1,13.0,7209,-47666.2,23.83,230,787.34,730.12,21.7,-37756.8,50010.0,787.37,722.33,3.14,0.12,3.3,150.1,19,10.31,82573.4,98520.6,0,0.0
50000.0,0.08,4.0,CA_9_THANG,11,20.2,82104.7,3,100.4,83182.6,7430,0,-1369.8,0.99,2,9290.2,-17986.4,0.2,0,213,0,202.8,13.0,9143,-110937.3,32.3,230,356.98,805.95,19.6,-78583.5,33071.9,355.04,831.01,3.61,0.06,2.5,123.3,15,6.77,29789.8,51862.6,0,0.0
50000.0,0.08,4.0,CA_9_THANG,12,21.6,87108.8,3,100.1,86576.6,7752,0,-1463.3,1.01,2,13520.7,-14751.9,1.1,0,213,0,190.3,13.0,9506,-110525.7,33.7,230,378.73,903.3,18.7,-70064.0,17807.1,378.74,865.3,3.76,0.06,2.4,119.5,16,7.66,36246.9,50864.0,0,0.0
50000.0,0.08,4.0,CA_9_THANG,13,20.6,164744.4,2,100.3,69484.9,7650,0,-1365.8,2.37,1,88879.5,27668.9,0.6,0,210,0,78.2,13.0,9377,-71772.7,33.26,230,716.28,953.57,18.3,-84437.3,37676.0,716.31,847.8,3.69,0.06,2.5,150.4,14,5.47,30883.0,133867.7,0,0.0
50000.0,0.08,4.0,CA_9_THANG,14,20.7,293606.7,0,78.9,61406.6,7760,0,-1361.4,4.78,0,218542.8,156928.4,0.0,0,206,0,24.9,,9490,15872.3,33.74,230,1276.55,957.19,16.5,-15770.1,34226.6,1274.61,864.61,3.76,0.06,2.4,119.5,19,5.95,98244.8,194909.8,0,0.0
300000.0,0.08,4.0,CA_9_THANG,,16.4,234625.7,0,26.9,94258.3,5455,0,-1566.3,2.49,0,173803.0,126914.9,0.0,0,173,0,,,7175,224635.0,23.72,230,1020.11,737.44,21.3,-37756.8,50010.0,1020.14,724.48,3.15,0.12,3.3,150.1,19,10.31,81783.1,152848.3,0,0.0
300000.0,0.08,4.0,CA_9_THANG,11,20.3,288155.5,0,26.1,93452.7,7411,0,-1374.2,3.08,0,215341.0,153527.5,0.0,0,198,0,,,9132,242438.8,32.22,230,1252.85,861.73,18.3,-16253.1,17675.9,1250.91,853.85,3.71,0.06,2.5,123.3,20,8.25,101187.5,186515.8,0,0.0
300000.0,0.08,4.0,CA_9_THANG,12,20.4,295673.6,0,30.3,98288.0,7697,0,-1463.3,3.01,0,222085.5,159909.6,0.0,0,205,0,,,9450,224539.9,33.47,230,1285.54,910.3,17.4,-17423.3,19366.1,1285.55,890.12,3.87,0.06,2.4,124.0,20,9.95,106511.5,189164.2,0,0.0
300000.0,0.08,4.0,CA_9_THANG,13,20.1,291256.9,0,27.3,83158.0,7633,0,-1370.3,3.5,0,215392.0,154181.4,0.0,0,205,0,,,9369,221291.6,33.19,230,1266.33,966.74,17.4,-17993.2,20126.3,1266.36,868.86,3.78,0.06,2.4,150.4,19,9.95,103803.5,187459.7,0,0.0
300000.0,0.08,4.0,CA_9_THANG,14,20.7,293606.7,0,18.2,61406.6,7760,0,-1361.4,4.78,0,218542.8,156928.4,0.0,0,206,0,,,9490,265872.3,33.74,230,1276.55,957.19,16.5,-15770.1,34226.6,1274.61,864.61,3.76,0.06,2.4,119.5,19,5.95,98244.8,194909.8,0,0.0
900000.0,0.24,12.0,CA_9_THANG,,16.3,703423.5,0,27.1,285885.5,5435,0,-4640.2,2.46,0,523082.3,381780.4,0.0,0,178,0,,,7158,674269.3,23.63,230,3058.36,2287.04,21.3,-113186.8,149969.3,3058.44,2132.35,9.27,0.12,3.5,150.1,19,30.93,244110.7,459329.9,0,0.0
900000.0,0.24,12.0,CA_9_THANG,11,20.4,853542.9,0,26.1,279199.2,7385,0,-4041.5,3.06,0,638140.2,452151.1,0.0,0,197,0,,,9109,727769.5,32.11,230,3711.06,2739.81,17.4,-48090.3,51211.2,3705.4,2561.99,11.14,0.06,2.5,150.4,20,24.72,296350.6,555881.9,0,0.0
900000.0,0.24,12.0,CA_9_THANG,12,20.6,878764.5,0,35.6,346422.6,7558,0,-4020.2,2.54,0,656154.1,471417.3,0.0,0,217,0,,,9298,625677.5,32.86,230,3820.72,2710.07,17.4,-51784.4,57906.8,3820.74,2632.34,11.44,0.06,2.4,124.0,20,34.1,307642.2,571128.3,0,0.0
900000.0,0.24,12.0,CA_9_THANG,13,20.7,869657.2,0,27.3,248974.0,7612,0,-3983.3,3.49,0,645536.4,462236.5,0.0,0,204,0,,,9360,664284.2,33.1,230,3781.12,2905.27,16.1,-53749.2,60094.0,3781.2,2593.56,11.28,0.06,2.5,150.4,19,29.85,308130.0,561546.2,0,0.0
900000.0,0.24,12.0,CA_9_THANG,14,20.3,849980.9,0,27.7,283403.4,7452,0,-4018.6,3.0,0,628889.0,450098.7,0.0,0,207,0,,,9184,660764.9,32.4,230,3695.57,2699.67,17.0,-54577.7,100165.3,3689.91,2571.0,11.18,0.06,2.5,150.4,19,29.85,279896.9,568774.1,0,0.0
