giai_doan,nhom,ten,tu,den,hat,von,giay,p_lot0,p_kieu_lot,p_lot_max,p_buoc_min,p_buoc_atr,p_so_tang,p_tia_tp,p_tp_atr,p_trail,p_hoa_von_tang,p_xoa,p_xoa_tu,p_loc_xh,p_ma_h1,p_giay_dca,p_tia_lap_lai,p_cho_clear,hedge,net,chay,dd_pt,dd_tien,net_dd,basket,vi_pham,swap,thang_am,bo1thang,bo2thang,gio_max,sau_max,lot_max,buy,sell,gio_chan_ml,chan_ml_dau,lenh_max_ngay,chan_ngay,co_hd,gio_khoa,gio_tv,gio_p95,so_lenh,basket_ngay,von_thap,so_ngay,lai_ngay_tb,lai_ngay_tv,ngay_lo_pt,ngay_xau,ngay_tot,chot_ngay_tb,lot_gd,lot_ngay,ngay_x2,ngay_chay_dau
DEV,goc,U4@0.01,2026-01-01,2026-05-01,,50000.0,9.8,0.01,1.2,0.5,20.0,0.5,40,2.0,0.5,60,8,2,2,False,100,180,True,10,,19948.7,0,19.7,11025.1,1.81,3000,0,-64.4,0,12779.2,6625.1,124.0,21,1.15,7358.6,12806.3,0.0,0,175,0,0,0.0,0.12,2.7,4164,29.41,40949.4,102,195.58,109.64,13.7,-2028.9,2220.2,197.69,52.23,0.51,,
DEV,nhieu,U4@0.01,2026-01-01,2026-05-01,13,50000.0,11.9,0.01,1.2,0.5,20.0,0.5,40,2.0,0.5,60,8,2,2,False,100,180,True,10,,23543.8,0,20.0,11371.4,2.07,3903,0,-76.7,0,14865.9,8025.4,122.1,21,1.07,8194.0,15570.2,0.0,0,206,0,0,0.0,0.06,2.1,5089,38.26,43126.1,102,230.82,163.96,11.8,-1841.4,2214.1,232.98,60.71,0.6,,
DEV,nhieu,U4@0.01,2026-01-01,2026-05-01,12,50000.0,12.6,0.01,1.2,0.5,20.0,0.5,40,2.0,0.5,60,8,2,2,False,100,180,True,10,,23608.8,0,26.3,13883.2,1.7,3983,0,-77.8,0,14991.3,7865.3,124.0,20,1.4,8510.5,15314.4,0.0,0,205,0,0,0.0,0.06,2.0,5155,39.05,38949.6,102,231.46,160.16,11.8,-2039.0,2225.8,233.58,61.36,0.6,,
DEV,nhieu,U4@0.01,2026-01-01,2026-05-01,11,50000.0,12.9,0.01,1.2,0.5,20.0,0.5,40,2.0,0.5,60,8,2,2,False,100,180,True,10,,23158.0,0,24.6,12937.5,1.79,3852,0,-76.7,0,14675.6,7604.2,122.1,21,1.19,8682.0,14688.2,0.0,0,201,0,0,0.0,0.06,2.2,5029,37.76,39648.7,102,227.04,151.91,10.8,-1911.5,2097.8,229.12,60.8,0.6,,
DEV,nhieu,U4@0.01,2026-01-01,2026-05-01,14,50000.0,11.1,0.01,1.2,0.5,20.0,0.5,40,2.0,0.5,60,8,2,2,False,100,180,True,10,,23447.9,0,19.4,10995.5,2.13,3922,0,-80.6,0,14755.1,7605.1,122.1,19,1.15,8140.3,15528.2,0.0,0,202,0,0,0.0,0.06,2.1,5109,38.45,43495.7,102,229.88,151.58,10.8,-1817.1,1936.5,232.04,59.84,0.59,,
DEV,nhieu,U4@0.01,2026-01-01,2026-05-01,101,50000.0,11.9,0.01,1.2,0.5,20.0,0.5,40,2.0,0.5,60,8,2,2,False,100,180,True,10,,22679.2,0,21.2,12042.1,1.88,3781,0,-67.8,0,14443.6,7808.6,124.0,21,1.23,8310.8,14588.7,0.0,0,203,0,0,0.0,0.06,2.1,4949,37.07,40534.5,102,222.34,145.93,14.7,-2128.7,2337.9,224.5,60.5,0.59,,
DEV,nhieu,U4@0.01,2026-01-01,2026-05-01,102,50000.0,11.4,0.01,1.2,0.5,20.0,0.5,40,2.0,0.5,60,8,2,2,False,100,180,True,10,,23424.1,0,19.7,11026.7,2.12,3947,0,-67.8,0,15019.9,7827.6,124.0,20,1.22,8639.9,15004.5,0.0,0,209,0,0,0.0,0.06,2.1,5118,38.7,40582.6,102,229.65,131.53,10.8,-2117.0,2308.5,231.81,61.3,0.6,,
DEV,nhieu,U4@0.01,2026-01-01,2026-05-01,103,50000.0,11.5,0.01,1.2,0.5,20.0,0.5,40,2.0,0.5,60,8,2,2,False,100,180,True,10,,23299.9,0,20.1,10175.7,2.29,3879,0,-73.4,0,14718.7,7621.6,124.0,19,1.22,8311.5,15208.9,0.0,0,201,0,0,0.0,0.06,2.1,5066,38.03,40362.9,102,228.43,135.27,14.7,-2150.2,2369.9,230.59,61.66,0.6,,
DEV,nhieu,U4@0.01,2026-01-01,2026-05-01,104,50000.0,10.5,0.01,1.2,0.5,20.0,0.5,40,2.0,0.5,60,8,2,2,False,100,180,True,10,,23869.1,0,21.2,12092.0,1.97,3907,0,-67.2,0,15375.7,8028.6,124.0,20,1.22,8608.1,15473.2,0.0,0,200,0,0,0.0,0.06,2.1,5073,38.3,40374.4,102,234.01,156.38,11.8,-2149.9,2384.6,236.09,61.13,0.6,,
DEV,nhieu,U4@0.01,2026-01-01,2026-05-01,105,50000.0,10.8,0.01,1.2,0.5,20.0,0.5,40,2.0,0.5,60,8,2,2,False,100,180,True,10,,23901.2,0,19.9,10040.2,2.38,4003,0,-64.4,0,15376.2,7848.2,124.0,19,1.22,8621.7,15495.9,0.0,0,203,0,0,0.0,0.06,2.1,5188,39.25,40454.9,102,234.33,158.15,10.8,-2125.9,2338.7,236.45,59.98,0.59,,
DEV,nhieu,U4@0.01,2026-01-01,2026-05-01,107,50000.0,10.9,0.01,1.2,0.5,20.0,0.5,40,2.0,0.5,60,8,2,2,False,100,180,True,10,,23149.3,0,18.8,9742.1,2.38,3851,0,-63.8,0,14954.6,7682.9,124.0,21,1.0,8247.3,15122.4,0.0,0,203,0,0,0.0,0.06,2.0,5011,37.75,41024.7,102,226.95,146.73,12.7,-2022.4,2184.6,229.11,59.18,0.58,,
DEV,nhieu,U4@0.01,2026-01-01,2026-05-01,106,50000.0,11.2,0.01,1.2,0.5,20.0,0.5,40,2.0,0.5,60,8,2,2,False,100,180,True,10,,23969.0,0,21.5,11355.0,2.11,3962,0,-73.9,0,15307.3,7978.4,123.9,19,1.13,8496.1,15693.6,0.0,0,199,0,0,0.0,0.05,2.1,5124,38.84,41136.5,102,234.99,149.93,11.8,-2022.7,2190.7,237.15,62.0,0.61,,
DEV,nhieu,U4@0.01,2026-01-01,2026-05-01,108,50000.0,10.3,0.01,1.2,0.5,20.0,0.5,40,2.0,0.5,60,8,2,2,False,100,180,True,10,,23502.9,0,20.1,10746.4,2.19,3876,0,-63.8,0,14927.4,8091.1,124.0,20,1.22,8368.9,15354.4,0.0,0,206,0,0,0.0,0.06,2.1,5045,38.0,40342.0,102,230.42,148.58,12.7,-2149.9,2373.0,232.58,61.02,0.6,,
DEV,nhieu,U4@0.01,2026-01-01,2026-05-01,109,50000.0,10.6,0.01,1.2,0.5,20.0,0.5,40,2.0,0.5,60,8,2,2,False,100,180,True,10,,23737.1,0,26.4,13930.2,1.7,4050,0,-78.4,0,15188.8,7814.8,124.0,21,1.29,8828.3,15133.8,0.0,0,197,0,0,0.0,0.06,2.1,5227,39.71,38921.2,102,232.72,144.7,9.8,-2017.0,2211.2,234.92,61.96,0.61,,
DEV,nhieu,U4@0.01,2026-01-01,2026-05-01,110,50000.0,10.8,0.01,1.2,0.5,20.0,0.5,40,2.0,0.5,60,8,2,2,False,100,180,True,10,,23166.9,0,25.5,13414.4,1.73,3803,0,-64.4,0,14909.5,7595.7,124.0,20,1.3,8322.5,15065.2,0.0,0,193,0,0,0.0,0.06,2.2,4985,37.28,39233.3,102,227.13,141.91,10.8,-2114.7,2317.7,229.29,61.86,0.61,,
DEV,nhieu,U4@0.01,2026-01-01,2026-05-01,111,50000.0,11.1,0.01,1.2,0.5,20.0,0.5,40,2.0,0.5,60,8,2,2,False,100,180,True,10,,23057.0,0,20.1,10507.0,2.19,3852,0,-80.1,0,14573.6,7556.4,124.0,21,1.22,8048.9,15224.2,0.0,0,211,0,0,0.0,0.06,2.2,5010,37.76,40374.7,102,226.05,130.43,13.7,-2150.2,2381.5,228.17,60.29,0.59,,
DEV,nhieu,U4@0.01,2026-01-01,2026-05-01,112,50000.0,10.3,0.01,1.2,0.5,20.0,0.5,40,2.0,0.5,60,8,2,2,False,100,180,True,10,,22847.5,0,20.3,11501.4,1.99,3894,0,-65.0,0,14230.6,7434.0,124.0,20,1.22,7826.4,15241.4,0.0,0,216,0,0,0.0,0.05,2.2,5047,38.18,40556.4,102,224.0,136.11,13.7,-2117.0,3765.7,226.15,59.77,0.59,,
DEV,nhieu,U4@0.01,2026-01-01,2026-05-01,113,50000.0,10.9,0.01,1.2,0.5,20.0,0.5,40,2.0,0.5,60,8,2,2,False,100,180,True,10,,23831.2,0,22.2,11968.8,1.99,3945,0,-79.0,0,15138.1,7932.4,124.0,20,1.22,8521.7,15530.2,0.0,0,197,0,0,0.0,0.06,2.1,5113,38.68,40284.4,102,233.64,154.4,11.8,-2164.6,2384.4,235.8,61.72,0.61,,
DEV,nhieu,U4@0.01,2026-01-01,2026-05-01,114,50000.0,10.4,0.01,1.2,0.5,20.0,0.5,40,2.0,0.5,60,8,2,2,False,100,180,True,10,,23205.6,0,20.2,11515.3,2.02,3839,0,-63.8,0,14417.2,7875.8,124.0,19,1.22,8159.1,15262.8,0.0,0,215,0,0,0.0,0.06,2.1,5003,37.64,40491.8,102,227.51,139.97,13.7,-2125.9,2337.3,229.63,59.63,0.58,,
DEV,nhieu,U4@0.01,2026-01-01,2026-05-01,115,50000.0,10.4,0.01,1.2,0.5,20.0,0.5,40,2.0,0.5,60,8,2,2,False,100,180,True,10,,22930.4,0,18.8,9998.5,2.29,3791,0,-75.6,0,14488.0,7837.9,124.0,20,1.0,8093.9,15056.7,0.0,0,209,0,0,0.0,0.06,2.2,4950,37.17,41050.1,102,224.81,132.88,12.7,-2017.3,2225.9,226.97,59.13,0.58,,
VAL,goc,U4@0.01,2026-05-08,2026-07-01,,50000.0,3.2,0.01,1.2,0.5,20.0,0.5,40,2.0,0.5,60,8,2,2,False,100,180,True,10,,3310.6,0,4.8,2434.0,1.36,969,0,-2.2,0,615.0,0.0,123.3,10,0.31,213.9,3139.7,0.0,0,86,0,0,0.0,0.11,4.0,1199,21.07,48786.6,46,71.97,98.22,26.1,-669.1,780.2,72.9,12.87,0.28,,
VAL,nhieu,U4@0.01,2026-05-08,2026-07-01,11,50000.0,4.0,0.01,1.2,0.5,20.0,0.5,40,2.0,0.5,60,8,2,2,False,100,180,True,10,,4273.7,0,4.7,2447.5,1.75,1317,0,-2.2,0,952.2,0.0,123.3,10,0.31,267.5,4040.4,0.0,0,118,0,0,0.0,0.05,3.3,1543,28.63,49117.3,46,92.91,122.75,21.7,-346.9,618.7,93.65,16.25,0.35,,
VAL,nhieu,U4@0.01,2026-05-08,2026-07-01,12,50000.0,3.9,0.01,1.2,0.5,20.0,0.5,40,2.0,0.5,60,8,2,2,False,100,180,True,10,,4228.5,0,4.7,2433.6,1.74,1274,0,-2.2,0,1012.1,0.0,123.3,10,0.31,249.4,3979.3,0.0,0,95,0,0,0.0,0.05,3.1,1496,27.7,49183.7,46,91.92,122.24,23.9,-617.0,796.7,91.93,15.89,0.35,,
VAL,nhieu,U4@0.01,2026-05-08,2026-07-01,13,50000.0,3.6,0.01,1.2,0.5,20.0,0.5,40,2.0,0.5,60,8,2,2,False,100,180,True,10,,4381.3,0,4.8,2468.3,1.78,1349,0,-2.8,0,976.1,0.0,123.3,10,0.31,329.6,4052.0,0.0,0,91,0,0,0.0,0.06,3.1,1577,29.33,49132.3,46,95.25,127.06,23.9,-345.9,630.7,95.25,16.65,0.36,,
DEV,nhieu,U4@0.01,2026-01-01,2026-05-01,116,50000.0,11.8,0.01,1.2,0.5,20.0,0.5,40,2.0,0.5,60,8,2,2,False,100,180,True,10,,22906.6,0,20.1,10159.4,2.25,3857,0,-64.4,0,14672.1,7533.6,124.0,20,1.22,7889.9,15232.9,0.0,0,201,0,0,0.0,0.06,2.1,5011,37.81,40390.7,102,224.57,141.91,12.7,-2149.9,3924.1,226.69,59.83,0.59,,
VAL,nhieu,U4@0.01,2026-05-08,2026-07-01,14,50000.0,3.3,0.01,1.2,0.5,20.0,0.5,40,2.0,0.5,60,8,2,2,False,100,180,True,10,,4328.7,0,4.7,2433.5,1.78,1304,0,-2.2,0,914.3,0.0,123.3,10,0.31,271.2,4057.3,0.0,0,107,0,0,0.0,0.05,3.0,1531,28.35,49086.0,46,94.1,131.49,23.9,-347.1,611.4,94.1,16.14,0.35,,
DEV,goc,U4@0.02,2026-01-01,2026-05-01,,50000.0,10.0,0.02,1.2,1.0,20.0,0.5,40,2.0,0.5,60,8,2,2,False,100,180,True,10,,39250.0,0,41.5,23348.2,1.68,2840,0,-152.3,0,24664.0,12062.0,192.1,21,2.48,13375.6,26310.6,0.0,0,176,0,0,0.0,0.12,2.5,3991,27.84,29346.4,102,384.8,282.57,18.6,-4472.9,7078.2,389.08,102.95,1.01,,
DEV,nhieu,U4@0.02,2026-01-01,2026-05-01,13,50000.0,11.3,0.02,1.2,1.0,20.0,0.5,40,2.0,0.5,60,8,2,2,False,100,180,True,10,,48340.0,0,27.2,15344.8,3.15,4145,0,-169.1,0,31158.8,16057.5,75.6,20,1.15,17944.5,30840.5,0.0,0,203,0,0,0.0,0.06,2.0,5312,40.64,41043.5,102,473.92,339.28,10.8,-3799.2,7814.1,478.28,122.02,1.2,,
DEV,nhieu,U4@0.02,2026-01-01,2026-05-01,11,50000.0,11.3,0.02,1.2,1.0,20.0,0.5,40,2.0,0.5,60,8,2,2,False,100,180,True,10,,49423.1,0,46.9,26338.1,1.88,4181,0,-166.9,0,32202.9,17238.1,75.5,21,2.41,18639.6,31211.3,0.0,0,202,0,0,0.0,0.06,2.0,5375,40.99,29766.8,102,484.54,309.84,8.8,-3870.6,4347.3,488.73,129.73,1.27,,
DEV,nhieu,U4@0.02,2026-01-01,2026-05-01,12,50000.0,11.8,0.02,1.2,1.0,20.0,0.5,40,2.0,0.5,60,8,2,2,False,100,180,True,10,,49614.3,0,51.4,28524.1,1.74,4192,0,-166.3,0,31831.9,16720.8,124.0,20,2.84,17972.9,32077.5,0.0,0,209,0,0,0.0,0.06,1.9,5367,41.1,27005.6,102,486.41,349.52,11.8,-4262.3,4734.3,490.69,131.29,1.29,111.6,
DEV,nhieu,U4@0.02,2026-01-01,2026-05-01,14,50000.0,10.3,0.02,1.2,1.0,20.0,0.5,40,2.0,0.5,60,8,2,2,False,100,180,True,10,,47801.1,0,36.5,23261.5,2.05,4081,0,-168.6,0,30054.0,15846.2,75.5,19,2.37,16425.5,31821.4,0.0,0,207,0,0,0.0,0.06,2.0,5237,40.01,40383.7,102,468.64,315.24,9.8,-3737.4,7935.2,473.01,122.56,1.2,,
DEV,nhieu,U4@0.02,2026-01-01,2026-05-01,102,50000.0,11.0,0.02,1.2,1.0,20.0,0.5,40,2.0,0.5,60,8,2,2,False,100,180,True,10,,47475.4,0,41.2,23350.6,2.03,3764,0,-151.8,0,30300.4,15256.0,192.1,20,2.48,16764.2,31156.3,0.0,0,204,0,0,0.0,0.06,2.0,4920,36.9,29499.5,102,465.44,322.49,17.6,-4443.9,4951.5,469.81,123.77,1.21,,
DEV,nhieu,U4@0.02,2026-01-01,2026-05-01,103,50000.0,10.6,0.02,1.2,1.0,20.0,0.5,40,2.0,0.5,60,8,2,2,False,100,180,True,10,,48987.7,0,41.1,22863.3,2.14,4081,0,-158.5,0,30951.3,16269.0,124.1,18,2.48,18227.7,31205.5,0.0,0,201,0,0,0.0,0.06,2.0,5263,40.01,30116.6,102,480.27,307.02,12.7,-4495.0,5035.8,484.64,126.97,1.24,,
DEV,nhieu,U4@0.02,2026-01-01,2026-05-01,101,50000.0,11.2,0.02,1.2,1.0,20.0,0.5,40,2.0,0.5,60,8,2,2,False,100,180,True,10,,46990.9,0,41.3,20731.5,2.27,3762,0,-146.7,0,29725.2,15029.9,192.1,20,2.48,16556.3,30879.6,0.0,0,208,0,0,0.0,0.06,1.9,4920,36.88,29484.5,102,460.7,327.28,17.6,-4450.0,4965.4,465.06,122.89,1.2,,
DEV,nhieu,U4@0.02,2026-01-01,2026-05-01,104,50000.0,10.9,0.02,1.2,1.0,20.0,0.5,40,2.0,0.5,60,8,2,2,False,100,180,True,10,,48008.6,0,41.0,20947.7,2.29,3935,0,-164.1,0,30685.5,15575.9,124.0,20,2.48,16995.1,31441.1,0.0,0,206,0,0,0.0,0.06,2.1,5102,38.58,30141.2,102,470.67,308.14,12.7,-4494.3,5051.3,474.87,122.62,1.2,,
DEV,nhieu,U4@0.02,2026-01-01,2026-05-01,105,50000.0,10.5,0.02,1.2,1.0,20.0,0.5,40,2.0,0.5,60,8,2,2,False,100,180,True,10,,47948.5,0,40.6,20704.5,2.32,4045,0,-165.2,0,30798.6,15551.4,124.0,19,2.48,16496.1,31888.9,0.0,0,218,0,0,0.0,0.06,2.0,5216,39.66,30317.4,102,470.08,299.9,14.7,-4443.9,7920.7,474.36,122.45,1.2,,
DEV,nhieu,U4@0.02,2026-01-01,2026-05-01,106,50000.0,11.3,0.02,1.2,1.0,20.0,0.5,40,2.0,0.5,60,8,2,2,False,100,180,True,10,,48622.4,0,39.3,21898.0,2.22,4116,0,-159.6,0,30426.7,15988.2,123.9,19,2.04,17592.9,31475.1,0.0,0,196,0,0,0.0,0.05,2.0,5285,40.35,31654.4,102,476.69,318.53,12.7,-4228.5,4684.8,481.06,128.17,1.26,,
DEV,nhieu,U4@0.02,2026-01-01,2026-05-01,107,50000.0,11.8,0.02,1.2,1.0,20.0,0.5,40,2.0,0.5,60,8,2,2,False,100,180,True,10,,46997.8,0,38.9,19775.8,2.38,3896,0,-146.7,0,30427.4,15591.9,158.2,21,2.04,16181.0,31262.0,0.0,0,210,0,0,0.0,0.06,1.9,5050,38.2,30824.5,102,460.76,347.42,15.7,-4227.9,4656.2,465.13,121.39,1.19,,
DEV,nhieu,U4@0.02,2026-01-01,2026-05-01,108,50000.0,11.3,0.02,1.2,1.0,20.0,0.5,40,2.0,0.5,60,8,2,2,False,100,180,True,10,,48531.2,0,41.1,20980.1,2.31,4002,0,-159.0,0,30948.8,16117.2,124.0,20,2.48,17867.0,31109.6,0.0,0,208,0,0,0.0,0.06,2.0,5183,39.24,30084.8,102,475.8,317.77,12.7,-4494.4,5034.7,480.16,126.53,1.24,,
DEV,nhieu,U4@0.02,2026-01-01,2026-05-01,109,50000.0,11.4,0.02,1.2,1.0,20.0,0.5,40,2.0,0.5,60,8,2,2,False,100,180,True,10,,46977.2,0,39.0,19562.1,2.4,3766,0,-133.8,0,29844.3,14969.6,192.1,20,2.04,16200.5,31221.4,0.0,0,220,0,0,0.0,0.06,2.0,4932,36.92,30660.0,102,460.56,343.72,14.7,-4216.5,4723.0,464.92,118.63,1.16,,
DEV,nhieu,U4@0.02,2026-01-01,2026-05-01,110,50000.0,11.0,0.02,1.2,1.0,20.0,0.5,40,2.0,0.5,60,8,2,2,False,100,180,True,10,,46354.0,0,50.6,27546.6,1.68,3823,0,-166.3,0,29213.8,14751.8,158.2,20,2.58,16287.4,30512.4,0.0,0,196,0,0,0.0,0.06,2.0,4995,37.48,26939.2,102,454.45,366.63,14.7,-4420.5,4933.3,458.82,125.22,1.23,,
DEV,nhieu,U4@0.02,2026-01-01,2026-05-01,111,50000.0,10.7,0.02,1.2,1.0,20.0,0.5,40,2.0,0.5,60,8,2,2,False,100,180,True,10,,47301.5,0,41.0,21605.4,2.19,3980,0,-168.0,0,29811.1,15486.6,124.0,21,2.48,16028.0,31709.6,0.0,0,208,0,0,0.0,0.06,2.0,5120,39.02,30132.4,102,463.74,329.14,12.7,-4495.0,8234.9,468.02,123.79,1.21,,
DEV,nhieu,U4@0.02,2026-01-01,2026-05-01,112,50000.0,11.5,0.02,1.2,1.0,20.0,0.5,40,2.0,0.5,60,8,2,2,False,100,180,True,10,,46608.1,0,40.9,23756.3,1.96,3868,0,-162.4,0,28963.4,14312.1,158.2,20,2.49,15456.0,31596.8,0.0,0,212,0,0,0.0,0.06,2.0,5013,37.92,29770.2,102,456.94,305.61,15.7,-4425.4,8826.4,461.3,121.43,1.19,,
DEV,nhieu,U4@0.02,2026-01-01,2026-05-01,113,50000.0,10.8,0.02,1.2,1.0,20.0,0.5,40,2.0,0.5,60,8,2,2,False,100,180,True,10,,48797.4,0,43.9,25416.6,1.92,4000,0,-170.8,0,30880.0,15715.3,124.0,20,2.48,17601.4,31641.7,0.0,0,201,0,0,0.0,0.06,2.0,5176,39.22,29935.8,102,478.41,311.53,12.7,-4524.9,5035.6,482.77,126.06,1.24,,
DEV,nhieu,U4@0.02,2026-01-01,2026-05-01,115,50000.0,11.4,0.02,1.2,1.0,20.0,0.5,40,2.0,0.5,60,8,2,2,False,100,180,True,10,,47998.0,0,39.4,21926.6,2.19,3948,0,-156.8,0,30591.2,16190.1,124.0,20,2.38,17440.0,31002.7,0.0,0,207,0,0,0.0,0.06,2.1,5113,38.71,31523.2,102,470.57,303.82,12.7,-4217.1,4639.0,474.93,123.37,1.21,,
DEV,nhieu,U4@0.02,2026-01-01,2026-05-01,114,50000.0,12.1,0.02,1.2,1.0,20.0,0.5,40,2.0,0.5,60,8,2,2,False,100,180,True,10,,48760.4,0,45.4,24900.1,1.96,3901,0,-150.1,0,30475.7,15375.8,158.2,19,2.48,16505.6,32691.0,0.0,0,215,0,0,0.0,0.06,1.9,5083,38.25,29681.5,102,478.04,314.71,16.7,-4443.9,4993.9,482.32,123.19,1.21,,
VAL,goc,U4@0.02,2026-05-08,2026-07-01,,50000.0,3.1,0.02,1.2,1.0,20.0,0.5,40,2.0,0.5,60,8,2,2,False,100,180,True,10,,6907.7,0,9.5,4981.9,1.39,1006,0,-6.2,0,1468.7,0.0,123.3,10,0.63,587.0,6391.2,0.0,0,86,0,0,0.0,0.1,4.0,1238,21.87,47539.3,46,150.17,196.0,23.9,-1336.2,1613.4,151.7,26.97,0.59,,
VAL,nhieu,U4@0.02,2026-05-08,2026-07-01,11,50000.0,3.5,0.02,1.2,1.0,20.0,0.5,40,2.0,0.5,60,8,2,2,False,100,180,True,10,,8717.0,0,9.4,5009.3,1.74,1343,0,-6.2,0,2146.3,0.0,123.3,10,0.63,618.1,8167.2,0.0,0,119,0,0,0.0,0.05,3.2,1568,29.2,48208.6,46,189.5,231.35,21.7,-702.1,1360.1,190.99,33.4,0.73,,
VAL,nhieu,U4@0.02,2026-05-08,2026-07-01,12,50000.0,3.4,0.02,1.2,1.0,20.0,0.5,40,2.0,0.5,60,8,2,2,False,100,180,True,10,,9079.1,0,9.3,4981.2,1.82,1406,0,-12.9,0,2237.1,0.0,89.9,10,0.63,1105.3,8071.2,0.0,0,98,0,0,0.0,0.05,3.1,1639,30.57,48307.8,46,197.37,226.02,19.6,-1282.7,1730.0,199.49,34.58,0.75,,
VAL,nhieu,U4@0.02,2026-05-08,2026-07-01,13,50000.0,3.3,0.02,1.2,1.0,20.0,0.5,40,2.0,0.5,60,8,2,2,False,100,180,True,10,,9231.1,0,9.5,5051.8,1.83,1421,0,-11.8,0,2080.8,0.0,91.5,10,0.63,982.5,8314.4,0.0,0,95,0,0,0.0,0.06,3.1,1654,30.89,48131.8,46,200.68,251.33,19.6,-714.3,1137.7,202.11,34.71,0.75,,
VAL,nhieu,U4@0.02,2026-05-08,2026-07-01,14,50000.0,3.3,0.02,1.2,1.0,20.0,0.5,40,2.0,0.5,60,8,2,2,False,100,180,True,10,,9355.5,0,9.4,4981.0,1.88,1439,0,-12.9,0,2144.0,0.0,89.9,10,0.63,1021.2,8434.1,0.0,0,108,0,0,0.0,0.06,2.9,1671,31.28,48214.6,46,203.38,238.45,17.4,-884.5,1078.1,205.55,35.01,0.76,,
DEV,nhieu,U4@0.02,2026-01-01,2026-05-01,116,50000.0,10.9,0.02,1.2,1.0,20.0,0.5,40,2.0,0.5,60,8,2,2,False,100,180,True,10,,46095.1,0,41.6,22065.6,2.09,3793,0,-143.9,0,29260.0,14977.7,158.2,20,2.48,15840.3,30691.1,0.0,0,205,0,0,0.0,0.06,2.1,4954,37.19,29417.4,102,451.91,306.24,17.6,-4494.3,8339.7,456.19,120.58,1.18,,
DEV,goc,U1@0.01,2026-01-01,2026-05-01,,50000.0,7.3,0.01,1.15,0.05,8.0,0.5,20,1.5,1.5,60,2,0,4,False,200,180,True,60,,21838.3,0,14.6,8003.2,2.73,2489,0,-81.2,0,13739.7,6900.8,74.8,19,0.56,9249.1,12886.3,0.0,0,194,0,0,0.0,0.36,2.4,5864,24.4,46760.6,102,214.1,154.93,5.9,-790.8,1216.6,217.42,77.79,0.76,,
DEV,nhieu,U1@0.01,2026-01-01,2026-05-01,13,50000.0,9.1,0.01,1.15,0.05,8.0,0.5,20,1.5,1.5,60,2,0,4,False,200,180,True,60,,22635.4,0,11.7,6212.1,3.64,2653,0,-80.1,0,14327.9,7276.3,55.5,19,0.45,9855.8,13145.3,0.0,0,213,0,0,0.0,0.35,2.3,6116,26.01,46790.0,102,221.92,151.33,5.9,-570.1,1520.9,225.51,79.29,0.78,,
DEV,nhieu,U1@0.01,2026-01-01,2026-05-01,12,50000.0,9.4,0.01,1.15,0.05,8.0,0.5,20,1.5,1.5,60,2,0,4,False,200,180,True,60,,21404.9,0,17.2,10021.0,2.14,2456,0,-79.0,0,13318.0,7357.0,159.1,19,0.52,8630.0,13090.0,0.0,0,208,0,0,0.0,0.33,2.4,5686,24.08,48334.3,102,209.85,142.33,8.8,-3233.1,7125.1,213.13,75.64,0.74,,
DEV,nhieu,U1@0.01,2026-01-01,2026-05-01,11,50000.0,10.4,0.01,1.15,0.05,8.0,0.5,20,1.5,1.5,60,2,0,4,False,200,180,True,60,,17339.7,0,23.5,13835.8,1.25,1914,0,-67.8,1,2831.7,-1358.0,623.5,19,0.62,7037.8,10605.5,0.0,0,213,0,0,0.0,0.31,2.3,4466,18.76,45136.0,102,170.0,112.4,22.5,-3452.6,7749.4,172.99,61.71,0.6,,
DEV,nhieu,U1@0.01,2026-01-01,2026-05-01,14,50000.0,9.3,0.01,1.15,0.05,8.0,0.5,20,1.5,1.5,60,2,0,4,False,200,180,True,60,,18969.7,0,23.1,13867.6,1.37,2133,0,-62.7,1,4059.9,-234.2,623.5,19,0.67,8044.5,11332.0,0.0,0,205,0,0,0.0,0.32,2.2,4909,20.91,46247.6,102,185.98,173.32,18.6,-3452.6,7763.1,190.27,65.41,0.64,,
DEV,nhieu,U1@0.01,2026-01-01,2026-05-01,101,50000.0,9.2,0.01,1.15,0.05,8.0,0.5,20,1.5,1.5,60,2,0,4,False,200,180,True,60,,18033.7,0,18.7,11101.7,1.62,2089,0,-80.1,1,5149.5,1164.8,623.5,19,0.62,7794.6,10645.0,0.0,0,206,0,0,0.0,0.32,2.2,4861,20.48,44779.5,102,176.8,149.53,18.6,-2805.2,5835.5,181.08,65.06,0.64,,
DEV,nhieu,U1@0.01,2026-01-01,2026-05-01,103,50000.0,8.5,0.01,1.15,0.05,8.0,0.5,20,1.5,1.5,60,2,0,4,False,200,180,True,60,,21455.1,0,17.2,9200.7,2.33,2519,0,-86.2,0,13332.2,6913.9,74.1,19,0.58,9561.5,12209.1,0.0,0,194,0,0,0.0,0.35,2.4,5906,24.7,44425.6,102,210.34,169.07,6.9,-858.1,1726.7,213.62,79.96,0.78,,
DEV,nhieu,U1@0.01,2026-01-01,2026-05-01,102,50000.0,9.8,0.01,1.15,0.05,8.0,0.5,20,1.5,1.5,60,2,0,4,False,200,180,True,60,,17859.9,0,23.6,13914.3,1.28,2075,0,-84.0,1,2869.6,-1113.1,623.5,19,0.67,7594.9,10609.0,0.0,0,219,0,0,0.0,0.33,2.2,4870,20.34,45136.8,102,175.1,131.4,20.6,-3452.6,7763.0,178.48,67.29,0.66,,
DEV,nhieu,U1@0.01,2026-01-01,2026-05-01,104,50000.0,7.7,0.01,1.15,0.05,8.0,0.5,20,1.5,1.5,60,2,0,4,False,200,180,True,60,,22430.7,0,14.9,7887.8,2.84,2635,0,-84.0,0,14321.7,7554.3,57.3,19,0.51,9825.9,12918.9,0.0,0,193,0,0,0.0,0.33,2.3,6061,25.83,45202.2,102,219.91,175.12,5.9,-718.5,1542.6,223.18,79.2,0.78,,
DEV,nhieu,U1@0.01,2026-01-01,2026-05-01,107,50000.0,7.0,0.01,1.15,0.05,8.0,0.5,20,1.5,1.5,60,2,0,4,False,200,180,True,60,,22845.0,0,10.7,5650.7,4.04,2678,0,-90.2,0,14523.9,7254.5,74.1,19,0.53,9601.0,13567.0,0.0,0,215,0,0,0.0,0.34,2.2,6171,26.25,47278.5,102,223.97,160.47,6.9,-863.6,1407.2,227.56,79.71,0.78,,
DEV,nhieu,U1@0.01,2026-01-01,2026-05-01,105,50000.0,8.7,0.01,1.15,0.05,8.0,0.5,20,1.5,1.5,60,2,0,4,False,200,180,True,60,,17242.2,0,19.8,11679.6,1.48,1897,0,-70.6,1,4158.3,114.9,623.5,19,0.62,6774.2,10862.6,0.0,0,218,0,0,0.0,0.32,2.4,4471,18.6,45046.1,102,169.04,108.75,21.6,-3375.0,6461.2,172.98,61.52,0.6,,
DEV,nhieu,U1@0.01,2026-01-01,2026-05-01,106,50000.0,8.7,0.01,1.15,0.05,8.0,0.5,20,1.5,1.5,60,2,0,4,False,200,180,True,60,,18957.4,0,25.7,15469.1,1.23,2138,0,-66.1,1,2991.7,-1477.0,623.5,19,0.62,8126.2,11174.8,0.0,0,215,0,0,0.0,0.32,2.1,4927,20.96,44626.0,102,185.86,134.31,16.7,-3884.2,8635.8,189.23,65.01,0.64,,
DEV,nhieu,U1@0.01,2026-01-01,2026-05-01,108,50000.0,8.6,0.01,1.15,0.05,8.0,0.5,20,1.5,1.5,60,2,0,4,False,200,180,True,60,,17966.2,0,22.2,13259.0,1.36,2081,0,-76.2,1,3802.4,-511.5,623.5,19,0.62,7713.5,10659.4,0.0,0,209,0,0,0.0,0.32,2.2,4886,20.4,46440.4,102,176.14,141.27,17.6,-3344.7,7532.7,180.43,65.76,0.64,,
DEV,nhieu,U1@0.01,2026-01-01,2026-05-01,109,50000.0,7.8,0.01,1.15,0.05,8.0,0.5,20,1.5,1.5,60,2,0,4,False,200,180,True,60,,23610.2,0,3.2,2215.9,10.65,2711,0,-90.7,0,15507.0,7964.4,74.1,19,0.48,10325.0,13651.8,0.0,0,210,0,0,0.0,0.34,2.3,6204,26.58,49721.0,102,231.47,171.7,7.8,-872.5,1590.8,235.5,79.14,0.78,,
DEV,nhieu,U1@0.01,2026-01-01,2026-05-01,110,50000.0,8.6,0.01,1.15,0.05,8.0,0.5,20,1.5,1.5,60,2,0,4,False,200,180,True,60,,18198.5,0,22.3,13283.4,1.37,2096,0,-82.3,1,3920.0,-38.4,623.5,19,0.62,7699.0,10793.6,0.0,0,214,0,0,0.0,0.32,2.2,4897,20.55,45710.6,102,178.42,148.9,17.6,-3344.7,6900.4,181.72,66.56,0.65,,
DEV,nhieu,U1@0.01,2026-01-01,2026-05-01,111,50000.0,8.7,0.01,1.15,0.05,8.0,0.5,20,1.5,1.5,60,2,0,4,False,200,180,True,60,,17626.8,0,23.2,13914.1,1.27,2049,0,-71.1,1,3572.8,-917.8,623.5,19,0.67,8101.3,9933.5,0.0,0,219,0,0,0.0,0.33,2.3,4818,20.09,46008.0,102,172.81,145.21,17.6,-3452.6,7763.0,177.09,65.36,0.64,,
DEV,nhieu,U1@0.01,2026-01-01,2026-05-01,112,50000.0,8.9,0.01,1.15,0.05,8.0,0.5,20,1.5,1.5,60,2,0,4,False,200,180,True,60,,18378.7,0,23.2,13908.1,1.32,2100,0,-81.2,1,3616.8,-781.4,623.5,19,0.67,7952.0,10834.9,0.0,0,205,0,0,0.0,0.33,2.2,4874,20.59,45999.4,102,180.18,162.93,18.6,-3452.6,7765.6,184.46,64.74,0.63,,
DEV,nhieu,U1@0.01,2026-01-01,2026-05-01,113,50000.0,8.0,0.01,1.15,0.05,8.0,0.5,20,1.5,1.5,60,2,0,4,False,200,180,True,60,,21903.7,0,12.8,7042.5,3.11,2604,0,-81.8,0,13726.8,7200.2,57.5,19,0.57,9553.4,12796.9,0.0,0,203,0,0,0.0,0.34,2.3,6067,25.53,48049.6,102,214.74,164.48,7.8,-860.2,1582.5,219.12,80.74,0.79,,
DEV,nhieu,U1@0.01,2026-01-01,2026-05-01,114,50000.0,7.9,0.01,1.15,0.05,8.0,0.5,20,1.5,1.5,60,2,0,4,False,200,180,True,60,,22784.4,0,12.5,6613.2,3.45,2643,0,-82.9,0,14655.9,7380.9,74.1,19,0.47,9740.8,13347.6,0.0,0,208,0,0,0.0,0.34,2.4,6110,25.91,46487.3,102,223.38,174.2,6.9,-858.9,1546.7,226.37,80.43,0.79,,
VAL,goc,U1@0.01,2026-05-08,2026-07-01,,50000.0,2.6,0.01,1.15,0.05,8.0,0.5,20,1.5,1.5,60,2,0,4,False,200,180,True,60,,5320.1,0,14.1,7309.1,0.73,780,0,-14.0,1,-1692.3,0.0,97.4,19,0.65,869.9,4447.7,0.0,0,88,0,0,0.0,0.52,4.2,1682,16.96,44617.8,46,115.65,125.68,17.4,-2200.8,3624.2,115.6,22.14,0.48,,
DEV,nhieu,U1@0.01,2026-01-01,2026-05-01,115,50000.0,8.5,0.01,1.15,0.05,8.0,0.5,20,1.5,1.5,60,2,0,4,False,200,180,True,60,,20622.0,0,17.6,10265.4,2.01,2375,0,-72.8,0,13010.4,7124.2,159.1,19,0.51,8517.7,12426.3,0.0,0,204,0,0,0.0,0.33,2.5,5548,23.28,46099.2,102,202.18,140.74,8.8,-3239.2,7431.9,205.75,75.42,0.74,,
VAL,nhieu,U1@0.01,2026-05-08,2026-07-01,11,50000.0,3.6,0.01,1.15,0.05,8.0,0.5,20,1.5,1.5,60,2,0,4,False,200,180,True,60,,3765.0,0,13.1,6632.9,0.57,584,0,-305.8,0,491.0,0.0,360.7,19,0.63,772.1,2990.5,0.0,0,95,0,0,0.0,0.51,3.9,1324,12.7,43862.3,46,81.85,110.93,28.3,-3443.4,2807.3,81.79,18.9,0.41,,
VAL,nhieu,U1@0.01,2026-05-08,2026-07-01,12,50000.0,3.4,0.01,1.15,0.05,8.0,0.5,20,1.5,1.5,60,2,0,4,False,200,180,True,60,,4103.8,0,14.2,7256.2,0.57,660,0,-201.0,1,-2616.1,0.0,264.8,19,0.65,915.1,3186.3,0.0,0,82,0,0,0.0,0.49,3.9,1466,14.35,43694.1,46,89.21,127.63,28.3,-3303.9,3585.8,89.16,20.94,0.46,,
VAL,nhieu,U1@0.01,2026-05-08,2026-07-01,13,50000.0,3.8,0.01,1.15,0.05,8.0,0.5,20,1.5,1.5,60,2,0,4,False,200,180,True,60,,3472.5,0,12.9,6541.5,0.53,545,0,-361.8,0,402.0,0.0,360.7,19,0.68,801.5,2668.6,0.0,0,85,0,0,0.0,0.54,4.2,1270,11.85,43998.5,46,75.49,101.28,37.0,-3500.3,2718.2,75.44,19.14,0.42,,
VAL,nhieu,U1@0.01,2026-05-08,2026-07-01,14,50000.0,3.0,0.01,1.15,0.05,8.0,0.5,20,1.5,1.5,60,2,0,4,False,200,180,True,60,,5091.3,0,14.0,7279.8,0.7,809,0,-8.4,1,-1510.4,0.0,97.0,19,0.66,886.0,4202.8,0.0,0,81,0,0,0.0,0.47,3.8,1714,17.59,44645.2,46,110.68,121.53,19.6,-2198.7,3463.0,110.63,22.63,0.49,,
DEV,nhieu,U1@0.01,2026-01-01,2026-05-01,116,50000.0,9.1,0.01,1.15,0.05,8.0,0.5,20,1.5,1.5,60,2,0,4,False,200,180,True,60,,17291.9,0,23.3,13784.9,1.25,2009,0,-81.2,1,2945.9,-948.6,623.5,19,0.62,7408.9,10350.1,0.0,0,197,0,0,0.0,0.32,2.4,4770,19.7,45374.2,102,169.53,146.39,18.6,-3452.6,7121.4,174.66,65.21,0.64,,
DEV,goc,U1@0.02,2026-01-01,2026-05-01,,50000.0,8.3,0.02,1.15,0.1,8.0,0.5,20,1.5,1.5,60,2,0,4,False,200,180,True,60,,36302.1,0,43.7,30214.8,1.2,2000,0,-147.3,1,5284.3,-2180.4,623.4,19,1.3,15246.9,21576.3,0.0,0,197,0,0,0.0,0.33,2.4,4730,19.61,38849.6,102,355.9,309.49,17.6,-7552.6,15569.1,361.19,130.11,1.28,,
DEV,nhieu,U1@0.02,2026-01-01,2026-05-01,13,50000.0,9.5,0.02,1.15,0.1,8.0,0.5,20,1.5,1.5,60,2,0,4,False,200,180,True,60,,37137.3,0,38.8,27045.9,1.37,2111,0,-150.1,1,8126.4,-111.1,623.4,19,1.3,15939.2,21844.9,0.0,0,211,0,0,0.0,0.33,2.2,4874,20.7,42584.1,102,364.09,323.48,18.6,-6797.3,14407.3,370.86,132.34,1.3,,
DEV,nhieu,U1@0.02,2026-01-01,2026-05-01,11,50000.0,9.8,0.02,1.15,0.1,8.0,0.5,20,1.5,1.5,60,2,0,4,False,200,180,True,60,,35927.7,0,38.6,26792.7,1.34,2005,0,-148.4,1,7354.5,-537.5,623.5,19,1.22,14637.9,21997.1,0.0,0,227,0,0,0.0,0.31,2.4,4729,19.66,42615.2,102,352.23,202.8,17.6,-6689.4,13975.7,359.57,132.31,1.3,,
DEV,nhieu,U1@0.02,2026-01-01,2026-05-01,12,50000.0,10.0,0.02,1.15,0.1,8.0,0.5,20,1.5,1.5,60,2,0,4,False,200,180,True,60,,37587.1,0,42.9,30149.3,1.25,2121,0,-151.8,1,6332.4,-1832.4,623.4,19,1.3,15611.1,22684.2,0.0,0,218,0,0,0.0,0.32,2.2,4926,20.79,40063.6,102,368.5,284.78,17.6,-7552.6,15568.8,375.84,134.01,1.31,,
DEV,nhieu,U1@0.02,2026-01-01,2026-05-01,14,50000.0,8.9,0.02,1.15,0.1,8.0,0.5,20,1.5,1.5,60,2,0,4,False,200,180,True,60,,35724.9,0,43.3,30136.5,1.19,2069,0,-131.6,1,4954.1,-3805.3,623.4,19,1.3,15500.3,21050.9,0.0,0,202,0,0,0.0,0.32,2.2,4797,20.28,39431.9,102,350.24,310.75,19.6,-7552.6,16859.6,358.97,130.68,1.28,,
DEV,nhieu,U1@0.02,2026-01-01,2026-05-01,101,50000.0,8.1,0.02,1.15,0.1,8.0,0.5,20,1.5,1.5,60,2,0,4,False,200,180,True,60,,40768.8,0,28.2,16773.1,2.43,2350,0,-149.0,1,14406.4,6267.2,327.4,19,1.22,15567.0,25802.0,0.0,0,195,0,0,0.0,0.33,2.3,5502,23.04,40385.2,102,399.69,248.89,14.7,-4315.8,13913.6,405.94,149.13,1.46,,
DEV,nhieu,U1@0.02,2026-01-01,2026-05-01,103,50000.0,8.5,0.02,1.15,0.1,8.0,0.5,20,1.5,1.5,60,2,0,4,False,200,180,True,60,,37237.2,0,43.1,30105.3,1.24,2089,0,-151.2,1,6181.9,-2064.4,623.4,19,1.3,15818.6,22067.2,0.0,0,218,0,0,0.0,0.31,2.2,4864,20.48,39678.3,102,365.07,296.67,18.6,-7552.6,16855.0,371.84,132.69,1.3,,
DEV,nhieu,U1@0.02,2026-01-01,2026-05-01,102,50000.0,8.9,0.02,1.15,0.1,8.0,0.5,20,1.5,1.5,60,2,0,4,False,200,180,True,60,,36587.0,0,43.5,30231.3,1.21,2097,0,-142.8,1,5542.0,-2910.1,623.4,19,1.3,15787.1,21469.0,0.0,0,222,0,0,0.0,0.32,2.2,4901,20.56,39193.2,102,358.7,256.24,18.6,-7552.6,15568.6,365.64,135.63,1.33,,
DEV,nhieu,U1@0.02,2026-01-01,2026-05-01,105,50000.0,8.4,0.02,1.15,0.1,8.0,0.5,20,1.5,1.5,60,2,0,4,False,200,180,True,60,,36646.8,0,36.6,25750.2,1.42,2019,0,-146.7,1,8806.2,260.0,623.5,19,1.22,15344.6,22081.2,0.0,0,225,0,0,0.0,0.33,2.2,4784,19.79,40901.9,102,359.28,228.82,18.6,-6473.6,13541.5,367.38,134.61,1.32,,
DEV,nhieu,U1@0.02,2026-01-01,2026-05-01,104,50000.0,9.3,0.02,1.15,0.1,8.0,0.5,20,1.5,1.5,60,2,0,4,False,200,180,True,60,,34337.8,0,44.3,30109.2,1.14,1914,0,-133.3,1,3628.9,-5483.6,623.4,19,1.3,14296.1,20856.7,0.0,0,200,0,0,0.0,0.3,2.3,4488,18.76,37887.0,102,336.65,221.51,19.6,-7552.6,16859.8,345.38,125.62,1.23,,
DEV,nhieu,U1@0.02,2026-01-01,2026-05-01,106,50000.0,8.4,0.02,1.15,0.1,8.0,0.5,20,1.5,1.5,60,2,0,4,False,200,180,True,60,,35913.5,0,37.5,25489.7,1.41,1988,0,-121.0,1,7726.4,-929.7,623.5,19,1.2,14426.2,22012.5,0.0,0,207,0,0,0.0,0.3,2.3,4572,19.49,42502.4,102,352.09,266.11,20.6,-6473.6,14624.1,357.63,124.42,1.22,,
DEV,nhieu,U1@0.02,2026-01-01,2026-05-01,107,50000.0,9.1,0.02,1.15,0.1,8.0,0.5,20,1.5,1.5,60,2,0,4,False,200,180,True,60,,36750.2,0,38.5,27048.7,1.36,2114,0,-147.3,1,7859.6,-200.5,623.4,19,1.3,14746.3,22728.1,0.0,0,216,0,0,0.0,0.32,2.2,4879,20.73,43218.8,102,360.3,280.96,17.6,-6797.3,14401.2,367.79,131.21,1.29,,
DEV,nhieu,U1@0.02,2026-01-01,2026-05-01,108,50000.0,8.8,0.02,1.15,0.1,8.0,0.5,20,1.5,1.5,60,2,0,4,False,200,180,True,60,,32716.2,0,38.3,25438.6,1.29,1880,0,-91.3,1,5388.9,-2362.6,623.5,19,1.2,14091.1,19404.2,0.0,0,196,0,0,0.0,0.32,2.3,4443,18.43,40251.1,102,320.75,208.98,20.6,-6795.2,14770.9,328.88,126.33,1.24,,
DEV,nhieu,U1@0.02,2026-01-01,2026-05-01,109,50000.0,8.6,0.02,1.15,0.1,8.0,0.5,20,1.5,1.5,60,2,0,4,False,200,180,True,60,,36897.8,0,38.6,27062.0,1.36,2100,0,-158.5,1,8105.6,-248.1,623.4,19,1.3,15912.6,21797.5,0.0,0,205,0,0,0.0,0.32,2.2,4876,20.59,43136.4,102,361.74,294.34,19.6,-6797.3,14401.3,370.45,132.93,1.3,,
DEV,nhieu,U1@0.02,2026-01-01,2026-05-01,110,50000.0,9.0,0.02,1.15,0.1,8.0,0.5,20,1.5,1.5,60,2,0,4,False,200,180,True,60,,-20556.8,1,100.0,56565.4,-0.36,2072,0,-165.2,2,-51594.8,-58153.6,623.5,19,1.22,-41473.3,21434.1,0.0,0,222,0,0,0.0,0.31,2.3,4779,20.31,-17954.2,102,-201.54,280.9,18.6,-56353.3,15565.9,-196.3,129.62,1.27,,16.2
DEV,nhieu,U1@0.02,2026-01-01,2026-05-01,111,50000.0,8.8,0.02,1.15,0.1,8.0,0.5,20,1.5,1.5,60,2,0,4,False,200,180,True,60,,34937.8,0,44.1,30232.0,1.16,2031,0,-155.7,1,4124.3,-3860.9,623.4,19,1.3,15215.8,20534.4,0.0,0,208,0,0,0.0,0.32,2.3,4801,19.91,38310.0,102,342.53,278.94,18.6,-7552.6,15568.6,351.24,134.89,1.32,,
DEV,nhieu,U1@0.02,2026-01-01,2026-05-01,112,50000.0,8.1,0.02,1.15,0.1,8.0,0.5,20,1.5,1.5,60,2,0,4,False,200,180,True,60,,35793.2,0,39.4,27153.7,1.32,2047,0,-152.3,1,6724.9,-1126.3,623.4,19,1.3,15505.4,20973.8,0.0,0,207,0,0,0.0,0.32,2.3,4819,20.07,36733.8,102,350.91,279.17,18.6,-6797.3,14411.8,358.0,133.21,1.31,,
DEV,nhieu,U1@0.02,2026-01-01,2026-05-01,114,50000.0,8.3,0.02,1.15,0.1,8.0,0.5,20,1.5,1.5,60,2,0,4,False,200,180,True,60,,37371.9,0,42.8,30109.2,1.24,2108,0,-157.9,1,6702.5,-1530.5,623.4,19,1.3,15894.0,22183.8,0.0,0,220,0,0,0.0,0.32,2.2,4900,20.67,40255.6,102,366.39,304.61,17.6,-7552.6,16850.3,373.71,131.92,1.29,,
DEV,nhieu,U1@0.02,2026-01-01,2026-05-01,113,50000.0,9.3,0.02,1.15,0.1,8.0,0.5,20,1.5,1.5,60,2,0,4,False,200,180,True,60,,-25814.6,1,100.0,56606.4,-0.46,1788,0,-121.5,2,-56795.8,-62205.0,623.4,19,1.3,-44009.3,19020.6,0.0,0,192,0,0,0.0,0.32,2.4,4199,17.53,-22005.6,102,-253.08,199.78,22.5,-56511.7,17177.6,-244.37,121.17,1.19,,16.2
DEV,nhieu,U1@0.02,2026-01-01,2026-05-01,115,50000.0,8.7,0.02,1.15,0.1,8.0,0.5,20,1.5,1.5,60,2,0,4,False,200,180,True,60,,36110.6,0,38.8,27067.0,1.33,2061,0,-151.2,1,7780.2,-1068.4,623.4,19,1.3,15752.7,21082.0,0.0,0,214,0,0,0.0,0.32,2.3,4849,20.21,42671.6,102,354.03,235.39,17.6,-6797.3,14401.2,361.52,133.83,1.31,,
VAL,goc,U1@0.02,2026-05-08,2026-07-01,,50000.0,2.8,0.02,1.15,0.1,8.0,0.5,20,1.5,1.5,60,2,0,4,False,200,180,True,60,,9788.0,0,19.6,10420.6,0.94,721,0,-84.6,1,-1145.4,0.0,97.8,19,1.19,1725.5,8057.5,0.0,0,84,0,0,0.0,0.52,4.1,1605,15.67,42220.5,46,212.78,244.65,26.1,-3150.6,4472.0,212.67,45.69,0.99,,
VAL,nhieu,U1@0.02,2026-05-08,2026-07-01,12,50000.0,3.0,0.02,1.15,0.1,8.0,0.5,20,1.5,1.5,60,2,0,4,False,200,180,True,60,,10625.9,0,25.0,13513.6,0.79,855,0,-14.6,1,-2302.5,0.0,97.0,19,1.24,1821.6,8799.4,0.0,0,81,0,0,0.0,0.5,3.8,1797,18.59,40649.1,46,231.0,245.82,17.4,-3982.3,6519.2,230.89,46.54,1.01,,
VAL,nhieu,U1@0.02,2026-05-08,2026-07-01,11,50000.0,4.3,0.02,1.15,0.1,8.0,0.5,20,1.5,1.5,60,2,0,4,False,200,180,True,60,,-35050.1,0,78.4,40027.6,-0.88,93,0,-1714.2,2,-34099.7,0.0,54.8,16,0.99,1039.3,0.0,0.0,0,50,0,0,0.0,0.59,3.4,264,2.02,11013.3,46,-761.96,-248.3,58.7,-10875.9,10592.3,25.96,10.94,0.24,,
VAL,nhieu,U1@0.02,2026-05-08,2026-07-01,13,50000.0,3.0,0.02,1.15,0.1,8.0,0.5,20,1.5,1.5,60,2,0,4,False,200,180,True,60,,10467.8,0,25.6,13786.9,0.76,816,0,-28.0,1,-2513.2,0.0,97.0,19,1.27,1766.1,8696.7,0.0,0,91,0,0,0.0,0.5,4.0,1722,17.74,40125.7,46,227.56,267.23,21.7,-4142.5,6454.9,227.45,44.34,0.96,,
DEV,nhieu,U1@0.02,2026-01-01,2026-05-01,116,50000.0,7.7,0.02,1.15,0.1,8.0,0.5,20,1.5,1.5,60,2,0,4,False,200,180,True,60,,43659.3,0,22.9,12773.0,3.42,2607,0,-173.0,0,27660.3,13579.9,74.1,19,0.92,18736.4,25777.3,0.0,0,206,0,0,0.0,0.34,2.2,6064,25.56,42893.1,102,428.03,339.48,6.9,-1117.3,2531.6,436.63,161.02,1.58,,
VAL,nhieu,U1@0.02,2026-05-08,2026-07-01,14,50000.0,2.8,0.02,1.15,0.1,8.0,0.5,20,1.5,1.5,60,2,0,4,False,200,180,True,60,,10235.8,0,25.3,13585.3,0.75,800,0,-29.7,1,-2713.4,0.0,99.0,19,1.23,1780.3,8450.5,0.0,0,92,0,0,0.0,0.49,4.1,1709,17.39,40111.9,46,222.52,245.41,23.9,-3922.5,6436.1,222.41,44.87,0.98,,
