ma,pp,huong,phien,khung,lenh,wr,pf,net,dd_tien,net_a,net_b,lenh_truot_0_3,wr_truot_0_3,pf_truot_0_3,net_truot_0_3,ngau_nhien_wr_tv,ngau_nhien_net_tv,p_wr,p_net,so_lan_ngau_nhien,cau_hinh
EMA#1,EMA,BUY_SELL,TAT_CA,M1,31,67.742,2.408,141.596,30.21,92.155,49.441,31,64.516,2.084,127.059,48.387,2.823,0.029,0.017,1000,InpTimeframe=M1 | InpFastEMA=12 | InpSlowEMA=34 | InpEMAKhungLoc=M15 | InpEMAKhoangDiXaToiThieuATR=0.35 | InpMinDirectionEfficiency=0.22 | InpEMAMucRetest=0
EMA#2,EMA,BUY_SELL,TAT_CA,M1,40,65.0,1.994,139.9,32.769,113.166,26.734,40,62.5,1.759,121.266,50.0,0.05,0.027,0.034,1000,InpTimeframe=M1 | InpFastEMA=12 | InpSlowEMA=34 | InpEMAKhungLoc=M15 | InpEMAKhoangDiXaToiThieuATR=0.35 | InpMinDirectionEfficiency=0.1 | InpEMAMucRetest=0
EMA#3,EMA,BUY,TAT_CA,M1,28,67.857,2.346,122.165,32.769,99.699,22.466,28,64.286,1.986,105.346,50.0,13.043,0.049,0.042,1000,InpTimeframe=M1 | InpFastEMA=12 | InpSlowEMA=34 | InpEMAKhungLoc=M15 | InpEMAKhoangDiXaToiThieuATR=0.35 | InpMinDirectionEfficiency=0.1 | InpEMAMucRetest=0
ICT#1,ICT,BUY_SELL,AU,M1,11,81.818,3.993,79.914,16.624,27.124,52.79,11,81.818,4.251,90.69,45.455,-17.596,0.01,0.028,1000,InpICTEntryTF=M1 | InpICTBiasTF=M30 | InpICTDisplacementATR=0.9 | InpICTMinFVG_ATR=0.05 | InpICTPriority=0 | InpICTSetupExpiryBars=12
ICT#2,ICT,BUY_SELL,AU,M1,13,76.923,3.515,92.42,16.624,44.24,48.18,13,76.923,3.665,102.741,46.154,-16.187,0.026,0.035,1000,InpICTEntryTF=M1 | InpICTBiasTF=M30 | InpICTDisplacementATR=0.6 | InpICTMinFVG_ATR=0.05 | InpICTPriority=2 | InpICTSetupExpiryBars=12
ICT#3,ICT,BUY_SELL,TAT_CA,M1,42,64.286,1.677,137.829,69.497,44.84,92.989,42,61.905,1.567,126.725,50.0,0.226,0.035,0.096,1000,InpICTEntryTF=M1 | InpICTBiasTF=M30 | InpICTDisplacementATR=0.6 | InpICTMinFVG_ATR=0.05 | InpICTPriority=3 | InpICTSetupExpiryBars=12
SMC#1,SMC,BUY,AU,M1,10,90.0,11.234,102.342,10.0,36.657,65.685,9,77.778,4.852,81.723,50.0,-14.302,0.002,0.004,1000,InpSMCEntryTF=M1 | InpSMCBiasTF=M15 | InpSMCDisplacementATR=1.2 | InpSMCMinFVGATR=0.03 | InpSMCDungLocEMAH1=false | InpSMCDungLocEMAM5=false | InpSMCDungLocRSI=true
SMC#2,SMC,BUY_SELL,AU,M1,15,80.0,3.091,89.975,17.494,33.478,56.497,15,73.333,2.558,86.344,46.667,-14.396,0.011,0.04,1000,InpSMCEntryTF=M1 | InpSMCBiasTF=M30 | InpSMCDisplacementATR=0.9 | InpSMCMinFVGATR=0.03 | InpSMCDungLocEMAH1=false | InpSMCDungLocEMAM5=false | InpSMCDungLocRSI=true
SMC#3,SMC,BUY_SELL,AU,M1,20,75.0,2.666,100.97,15.526,30.915,70.055,18,72.222,2.288,81.917,45.0,-27.135,0.007,0.027,1000,InpSMCEntryTF=M1 | InpSMCBiasTF=M15 | InpSMCDisplacementATR=0.6 | InpSMCMinFVGATR=0.03 | InpSMCDungLocEMAH1=true | InpSMCDungLocEMAM5=false | InpSMCDungLocRSI=false
PVEMA#1,PVEMA,BUY_SELL,A,M6,12,91.667,24.505,246.518,10.488,133.857,112.661,12,91.667,23.306,247.329,58.333,48.848,0.011,0.007,1000,InpPVKhungVaoLenh=M6 | InpPVKhungXuHuong=M30 | InpPVADXToiThieu=14 | InpPVSoNenTimSL=10 | InpPVDungSaiHoiATR=0.25 | InpPVThanNenToiThieu=0.3
PVEMA#2,PVEMA,BUY_SELL,A,M6,11,90.909,23.901,240.186,10.488,127.525,112.661,11,90.909,22.761,241.284,54.545,44.74,0.025,0.006,1000,InpPVKhungVaoLenh=M6 | InpPVKhungXuHuong=M30 | InpPVADXToiThieu=14 | InpPVSoNenTimSL=10 | InpPVDungSaiHoiATR=0.5 | InpPVThanNenToiThieu=0.3
PVEMA#3,PVEMA,BUY_SELL,A,M6,11,90.909,22.637,226.924,10.488,114.263,112.661,11,90.909,21.577,228.153,54.545,36.267,0.021,0.003,1000,InpPVKhungVaoLenh=M6 | InpPVKhungXuHuong=M15 | InpPVADXToiThieu=20 | InpPVSoNenTimSL=10 | InpPVDungSaiHoiATR=0.25 | InpPVThanNenToiThieu=0.3
PIN#1,PIN,BUY_SELL,TAT_CA,M1,44,65.909,2.174,199.033,43.143,168.725,30.308,44,61.364,1.774,154.602,47.727,-2.787,0.018,0.007,1000,InpPVKhungPinBar=M1 | InpPVRauChinhTrenThan=3.4 | InpPVPinQuetSoNen=3 | InpPVPinMinATR=1 | InpPVPinMaxATR=2.5 | InpPVSoNenTimSL=10
PIN#2,PIN,BUY_SELL,TAT_CA,M1,44,65.909,2.147,192.89,41.727,162.582,30.308,44,61.364,1.792,157.128,47.727,-5.076,0.012,0.005,1000,InpPVKhungPinBar=M1 | InpPVRauChinhTrenThan=3.4 | InpPVPinQuetSoNen=3 | InpPVPinMinATR=1 | InpPVPinMaxATR=2.5 | InpPVSoNenTimSL=5
PIN#3,PIN,SELL,AU,M1,16,75.0,3.255,91.255,20.25,79.531,11.724,15,60.0,1.79,50.732,50.0,8.564,0.044,0.026,1000,InpPVKhungPinBar=M1 | InpPVRauChinhTrenThan=1.8 | InpPVPinQuetSoNen=6 | InpPVPinMinATR=1 | InpPVPinMaxATR=2.5 | InpPVSoNenTimSL=5
LQ#1,LQ,BUY_SELL,AU,M4,17,82.353,5.193,146.487,20.08,122.015,24.472,17,82.353,4.927,144.264,47.059,-5.81,0.003,0.0,1000,InpPVKhungQuetThanhKhoan=M4 | InpPVDoXuyenToiThieuGia=0.7 | InpPVDoXuyenToiDaGia=2 | InpPVSoNenThanhKhoan=6 | InpPVRauQuetTrenThan=3 | InpPVSoNenTimSL=5
LQ#2,LQ,BUY_SELL,TAT_CA,M1,32,75.0,2.884,155.591,14.738,114.354,41.237,31,70.968,2.485,145.505,46.875,-14.878,0.0,0.004,1000,InpPVKhungQuetThanhKhoan=M1 | InpPVDoXuyenToiThieuGia=0.7 | InpPVDoXuyenToiDaGia=1 | InpPVSoNenThanhKhoan=12 | InpPVRauQuetTrenThan=2 | InpPVSoNenTimSL=5
LQ#3,LQ,BUY_SELL,AU,M4,16,81.25,4.329,133.284,25.19,108.812,24.472,16,81.25,4.081,128.924,50.0,-9.542,0.007,0.003,1000,InpPVKhungQuetThanhKhoan=M4 | InpPVDoXuyenToiThieuGia=0.7 | InpPVDoXuyenToiDaGia=2 | InpPVSoNenThanhKhoan=6 | InpPVRauQuetTrenThan=3 | InpPVSoNenTimSL=10
LIVE_ENG626,ENG,BUY_SELL,A,M4,29,34.483,0.561,-129.262,140.421,-60.1,-69.162,26,34.615,0.613,-107.858,48.276,-12.293,0.953,0.888,1000,InpPVNhanChimMinATR=0.9|InpPVThanNhanChimSoVoiThanTruoc=1.3
LIVE_ENG636,ENG,SELL,MY,M4,10,70.0,2.122,54.089,32.11,58.348,-4.259,10,70.0,2.288,56.692,40.0,-34.666,0.084,0.05,1000,InpPVNhanChimMinATR=0.9|InpPVThanNhanChimSoVoiThanTruoc=1.3
LIVE_BRK758,BRK,BUY_SELL,A,M4,20,60.0,1.575,107.33,85.863,120.797,-13.467,19,57.895,1.514,98.514,50.0,10.55,0.293,0.185,1000,InpPVSoNenVungBreakout=8|InpPVChoRetest=False
LIVE_PVT880,PVT,BUY_SELL,MY,M6,12,50.0,1.334,22.047,44.66,-3.946,25.993,12,50.0,1.431,30.016,41.667,-26.29,0.446,0.163,1000,InpPVKhungXacNhanPivot=M6|InpPVBKPVungPivotGia=1.0
