giai_doan,pp,lenh_mt5,lenh_python,khop,ty_le_khop_pct,chi_python_luc_21h,net_mt5,net_python,lenh_khop_lech_net_lon_hon_0_5
toan_bo,EMA,29,31,28,96.6,2,91.81,141.6,0
toan_bo,ICT,50,33,33,66.0,0,73.66,50.4,1
toan_bo,LQ,44,44,44,100.0,0,18.39,18.33,0
toan_bo,PIN,41,44,41,100.0,3,240.96,199.03,2
toan_bo,PVEMA,26,32,23,88.5,1,32.52,184.43,1
toan_bo,SMC,51,48,47,92.2,1,-40.62,-12.98,2
tu_2026-01-06,EMA,19,20,19,100.0,1,99.46,107.23,0
tu_2026-01-06,ICT,32,32,32,100.0,0,92.26,72.56,1
tu_2026-01-06,LQ,32,32,32,100.0,0,27.35,27.31,0
tu_2026-01-06,PIN,23,26,23,100.0,3,142.94,121.84,1
tu_2026-01-06,PVEMA,21,21,21,100.0,0,95.46,88.22,1
tu_2026-01-06,SMC,37,37,37,100.0,0,-30.14,-31.19,1
