phuong_phap,huong,phien,hang_T1_T6,vi,lenh_tb,usd_moi_lenh_T1_T6,usd_moi_lenh_T7_T9,vi_lai_T1_T6_pct,vi_lai_T7_T9_pct,vi_lai_9_thang_pct
PVEMA,BUY,MY,1,24,91.2,3.15,-1.86,91.67,20.83,91.67
PVEMA,SELL,AU,2,24,151.0,2.51,-3.87,91.67,0.0,54.17
PVEMA,BUY_SELL,MY,3,24,207.6,2.15,-0.06,100.0,50.0,100.0
ICT,SELL,AU,4,54,206.2,2.03,-0.03,81.48,51.85,92.59
PVEMA,SELL,TAT_CA,5,24,378.8,1.87,-0.32,100.0,29.17,91.67
ICT,BUY,MY,6,54,141.6,1.73,0.95,77.78,75.93,90.74
SMC,SELL,AU,7,48,185.5,1.65,-1.03,85.42,35.42,56.25
PVEMA,SELL,MY,8,24,116.5,1.43,1.61,79.17,87.5,91.67
SMC,BUY,MY,9,48,123.0,1.25,0.22,70.83,62.5,64.58
PVEMA,SELL,A,10,24,143.8,1.04,0.55,75.0,62.5,83.33
ICT,BUY_SELL,MY,11,54,290.4,0.67,0.11,77.78,50.0,72.22
PVEMA,BUY_SELL,TAT_CA,12,24,689.2,0.58,-0.29,87.5,37.5,83.33
ICT,SELL,TAT_CA,13,54,540.4,0.35,-0.07,70.37,46.3,59.26
EMA,SELL,MY,14,32,70.7,0.31,-1.36,62.5,25.0,43.75
EMA,SELL,TAT_CA,15,32,221.3,0.22,0.13,59.38,59.38,62.5
EMA,SELL,A,16,32,71.9,0.21,1.92,46.88,78.12,50.0
SMC,SELL,TAT_CA,17,48,460.8,0.19,-0.43,68.75,37.5,50.0
EMA,SELL,AU,18,32,78.8,0.15,-0.13,50.0,43.75,50.0
LQ,SELL,AU,19,32,370.3,0.13,-0.96,65.62,9.38,53.12
PIN,SELL,AU,20,24,169.9,0.12,-2.43,50.0,0.0,4.17
EMA,BUY_SELL,A,21,32,148.3,0.11,0.78,50.0,65.62,56.25
PIN,SELL,A,22,24,192.0,0.07,-1.7,62.5,0.0,12.5
SMC,BUY_SELL,MY,23,48,244.3,0.04,-0.63,62.5,45.83,35.42
EMA,BUY,A,24,32,76.5,0.0,-0.42,50.0,31.25,40.62
ICT,BUY_SELL,AU,25,54,399.1,-0.03,-0.48,40.74,31.48,35.19
LQ,SELL,TAT_CA,26,32,931.9,-0.07,-0.32,53.12,31.25,50.0
EMA,BUY_SELL,MY,27,32,143.7,-0.1,-0.68,56.25,28.12,40.62
PIN,SELL,TAT_CA,28,24,480.1,-0.15,-1.47,37.5,0.0,0.0
LQ,SELL,MY,29,32,214.5,-0.16,0.32,46.88,50.0,50.0
ICT,BUY_SELL,TAT_CA,30,54,1034.2,-0.17,-0.34,46.3,22.22,20.37
LQ,SELL,A,31,32,349.3,-0.19,0.04,40.62,53.12,34.38
EMA,BUY_SELL,TAT_CA,32,32,451.6,-0.25,-0.08,21.88,40.62,25.0
SMC,BUY_SELL,AU,33,48,355.5,-0.36,-1.38,27.08,18.75,20.83
LQ,BUY_SELL,AU,34,32,714.2,-0.38,-0.5,50.0,15.62,18.75
PIN,BUY,MY,35,24,179.2,-0.42,-1.05,37.5,41.67,41.67
PVEMA,BUY_SELL,AU,36,24,286.5,-0.43,-2.16,29.17,0.0,12.5
SMC,SELL,A,37,48,169.5,-0.45,1.1,50.0,81.25,64.58
SMC,BUY_SELL,TAT_CA,38,48,879.2,-0.48,-0.59,45.83,35.42,22.92
EMA,BUY,MY,39,32,73.1,-0.53,-0.07,40.62,46.88,50.0
ICT,SELL,MY,40,54,156.1,-0.53,-0.4,35.19,40.74,37.04
LQ,BUY_SELL,TAT_CA,41,32,1787.9,-0.58,-0.55,15.62,6.25,0.0
LQ,BUY_SELL,A,42,32,658.3,-0.65,-0.54,6.25,28.12,15.62
PVEMA,BUY_SELL,A,43,24,260.6,-0.68,0.02,33.33,54.17,25.0
PIN,BUY_SELL,MY,44,24,282.5,-0.69,-0.68,16.67,41.67,20.83
EMA,BUY,TAT_CA,45,32,230.5,-0.69,-0.32,12.5,34.38,15.62
EMA,BUY_SELL,AU,46,32,159.7,-0.71,-0.29,31.25,37.5,28.12
LQ,BUY_SELL,MY,47,32,423.7,-0.72,-0.74,9.38,21.88,6.25
PIN,BUY_SELL,TAT_CA,48,24,1039.0,-0.81,-1.36,0.0,0.0,0.0
ICT,BUY,TAT_CA,49,54,518.4,-0.83,-0.47,24.07,25.93,20.37
PIN,BUY_SELL,AU,50,24,365.6,-0.84,-1.37,8.33,0.0,4.17
LQ,BUY,AU,51,32,389.0,-0.86,-0.13,15.62,34.38,21.88
PIN,SELL,MY,52,24,119.9,-0.91,0.34,12.5,62.5,12.5
PIN,BUY_SELL,A,53,24,395.4,-0.94,-1.72,16.67,0.0,0.0
ICT,SELL,A,54,54,188.8,-0.94,-0.15,24.07,51.85,16.67
PVEMA,BUY,TAT_CA,55,24,310.5,-0.98,-0.3,20.83,45.83,16.67
SMC,BUY_SELL,A,56,48,317.7,-1.0,0.26,33.33,54.17,45.83
LQ,BUY,TAT_CA,57,32,976.7,-1.12,-0.76,0.0,6.25,0.0
ICT,BUY_SELL,A,58,54,374.4,-1.15,-0.74,16.67,33.33,11.11
PIN,BUY,TAT_CA,59,24,610.7,-1.15,-1.01,0.0,0.0,0.0
SMC,SELL,MY,60,48,126.6,-1.18,-1.25,37.5,33.33,16.67
LQ,BUY,A,61,32,351.9,-1.21,-1.1,0.0,31.25,6.25
SMC,BUY,TAT_CA,62,48,436.9,-1.27,-0.73,14.58,27.08,20.83
PIN,BUY,AU,63,24,212.2,-1.33,-0.31,8.33,58.33,12.5
LQ,BUY,MY,64,32,237.6,-1.37,-1.54,6.25,6.25,0.0
EMA,BUY,AU,65,32,81.0,-1.46,-0.49,25.0,43.75,18.75
ICT,BUY,A,66,54,191.0,-1.47,-1.19,1.85,20.37,0.0
SMC,BUY,A,67,48,152.9,-1.63,-0.57,10.42,41.67,14.58
PIN,BUY,A,68,24,220.2,-1.63,-1.48,0.0,0.0,0.0
ICT,BUY,AU,69,54,200.3,-2.29,-0.88,7.41,25.93,7.41
SMC,BUY,AU,70,48,174.6,-2.71,-1.65,0.0,25.0,2.08
PVEMA,BUY,A,71,24,116.8,-2.71,-0.7,12.5,54.17,12.5
PVEMA,BUY,AU,72,24,135.5,-3.57,-0.12,4.17,41.67,4.17
