chon_tren,kiem_tren,so_vi_dat_loc,top,vi,net_kiem_tb,lai_kiem_pct,wr_kiem_gop,usd_moi_lenh_kiem,net_kiem_trung_vi_moi_vi,lai_kiem_pct_moi_vi,phan_vi_tb
T1-T3,T4-T6,248,1,827,-25.08,0.0,51.97,-0.2,-33.56,40.46,52.3
T1-T3,T4-T6,248,5,827 1199 1643 899 1475,184.44,80.0,55.2,1.55,-33.56,40.46,83.86
T1-T3,T4-T6,248,10,827 1199 1643 899 1475 1631 947 779 875 1091,201.49,90.0,54.97,1.79,-33.56,40.46,87.87
T4-T6,T7-T9,360,1,364,-135.89,0.0,40.68,-2.3,-43.38,36.06,26.36
T4-T6,T7-T9,360,5,364 192 346 1102 303,-11.16,40.0,48.29,-0.24,-43.38,36.06,58.23
T4-T6,T7-T9,360,10,364 192 346 1102 303 184 338 1378 311 51,4.66,50.0,49.48,0.1,-43.38,36.06,62.91
T1-T6,T7-T9,280,1,346,137.15,100.0,70.37,5.08,-43.38,36.06,94.31
T1-T6,T7-T9,280,5,346 2411 1199 2219 166,-24.12,40.0,48.46,-0.41,-43.38,36.06,55.58
T1-T6,T7-T9,280,10,346 2411 1199 2219 166 311 1091 875 1019 1331,-4.47,50.0,50.42,-0.06,-43.38,36.06,61.25
T1-T3,T4-T9,248,1,827,-153.9,0.0,50.43,-0.66,-75.62,33.53,36.8
T1-T3,T4-T9,248,5,827 1199 1643 899 1475,16.72,40.0,51.29,0.07,-75.62,33.53,60.65
T1-T3,T4-T9,248,10,827 1199 1643 899 1475 1631 947 779 875 1091,116.93,70.0,52.07,0.56,-75.62,33.53,75.63
