thang,mo_cua,cao,thap,dong_cua,spread_tv_point,thay_doi_pct,bien_do_ngay_tv
202601,4328.34,5595.35,4309.68,4891.5,160.0,13.01,80.24
202602,4793.52,5281.25,4401.96,5279.02,240.0,10.13,124.1
202603,5319.27,5419.03,4098.36,4696.42,280.0,-11.71,136.91
202604,4696.36,4889.69,4510.1,4626.34,280.0,-1.49,99.07
202605,4626.43,4773.65,4366.23,4539.35,280.0,-1.88,82.8
202606,4539.41,4546.16,3942.1,4005.59,260.0,-11.76,82.91
202607,4005.65,4203.19,3959.36,4043.81,240.0,0.95,83.68
202608,4073.04,4697.05,4018.98,4452.14,260.0,9.31,83.64
202609,4452.22,4510.95,4234.93,4260.07,260.0,-4.32,93.24
