wallet_id,engine_id,loai,phuong_phap,huong,phien,cau_hinh,lenh_dong,winrate_pct,profit_factor,net,dd_equity_pct,thua_lien_tiep,thang_lai,lenh_T1_T6,wr_T1_T6,net_T1_T6,lenh_T7_T9,wr_T7_T9,net_T7_T9,swap_uoc_tinh,danh_gia,net_202601,net_202602,net_202603,net_202604,net_202605,net_202606,net_202607,net_202608,net_202609
1629,135,GRID,PVEMA,SELL,TAT_CA,InpPVKhungVaoLenh=M5 | InpPVKhungXuHuong=M30 | InpPVADXToiThieu=14 | InpPVSoNenTimSL=5,605,54.55,1.21,1182.55,0.26,7,9,424,54.72,923.86,181,54.14,258.69,0.0,THAM_DO_CHUA_KIEM_CHUNG,4.22,24.26,281.32,281.54,20.15,312.38,59.65,30.96,168.08
1199,99,GRID,SMC,SELL,AU,InpSMCEntryTF=M1 | InpSMCBiasTF=M15 | InpSMCDisplacementATR=0.9 | InpSMCDungLocEMAH1=false | InpSMCDungLocRSI=true,368,56.25,1.38,1019.62,0.23,7,6,247,59.51,1065.52,121,49.59,-45.9,0.0,THAM_DO_CHUA_KIEM_CHUNG,98.48,15.03,603.95,-46.51,20.24,374.34,-129.79,112.84,-28.95
1773,147,GRID,PVEMA,SELL,TAT_CA,InpPVKhungVaoLenh=M5 | InpPVKhungXuHuong=M30 | InpPVADXToiThieu=14 | InpPVSoNenTimSL=10,497,53.52,1.18,912.07,0.34,9,5,335,54.63,826.43,162,51.23,85.65,0.0,THAM_DO_CHUA_KIEM_CHUNG,-14.17,140.63,104.63,209.2,-145.2,531.33,-129.77,-35.98,251.39
1091,90,GRID,SMC,SELL,AU,InpSMCEntryTF=M1 | InpSMCBiasTF=M30 | InpSMCDisplacementATR=0.9 | InpSMCDungLocEMAH1=true | InpSMCDungLocRSI=true,247,57.49,1.51,910.19,0.17,7,7,164,59.15,820.88,83,54.22,89.31,0.0,THAM_DO_CHUA_KIEM_CHUNG,5.22,73.63,388.96,-50.78,70.2,333.63,64.4,45.34,-20.43
1055,87,GRID,SMC,SELL,AU,InpSMCEntryTF=M1 | InpSMCBiasTF=M15 | InpSMCDisplacementATR=0.9 | InpSMCDungLocEMAH1=true | InpSMCDungLocRSI=true,276,57.97,1.43,884.1,0.19,7,5,180,59.44,817.44,96,55.21,66.66,0.0,THAM_DO_CHUA_KIEM_CHUNG,-2.74,-4.73,497.41,-85.93,66.23,347.19,27.72,54.84,-15.9
1475,122,GRID,SMC,SELL,AU,InpSMCEntryTF=M1 | InpSMCBiasTF=M15 | InpSMCDisplacementATR=0.9 | InpSMCDungLocEMAH1=false | InpSMCDungLocRSI=false,381,55.38,1.3,859.55,0.23,7,4,260,58.08,919.58,121,49.59,-60.03,0.0,THAM_DO_CHUA_KIEM_CHUNG,98.48,-21.37,555.9,-24.53,-30.28,341.39,-131.05,101.63,-30.62
1089,90,GRID,SMC,SELL,TAT_CA,InpSMCEntryTF=M1 | InpSMCBiasTF=M30 | InpSMCDisplacementATR=0.9 | InpSMCDungLocEMAH1=true | InpSMCDungLocRSI=true,633,52.61,1.17,818.87,0.31,9,5,420,51.9,627.52,213,53.99,191.34,0.0,THAM_DO_CHUA_KIEM_CHUNG,-103.12,28.4,353.22,-116.35,-10.63,476.0,-41.55,143.37,89.53
1665,138,GRID,PVEMA,SELL,TAT_CA,InpPVKhungVaoLenh=M5 | InpPVKhungXuHuong=H1 | InpPVADXToiThieu=14 | InpPVSoNenTimSL=5,594,53.2,1.14,812.07,0.29,6,7,419,53.22,702.75,175,53.14,109.32,0.0,THAM_DO_CHUA_KIEM_CHUNG,-27.23,29.04,208.65,115.62,0.16,376.52,168.7,-64.88,5.49
1331,110,GRID,SMC,SELL,AU,InpSMCEntryTF=M1 | InpSMCBiasTF=M15 | InpSMCDisplacementATR=0.9 | InpSMCDungLocEMAH1=true | InpSMCDungLocRSI=false,290,57.24,1.35,771.73,0.17,5,6,192,57.81,680.15,98,56.12,91.58,0.0,THAM_DO_CHUA_KIEM_CHUNG,0.3,-43.11,449.47,-63.95,15.67,321.78,26.38,82.78,-17.57
1367,113,GRID,SMC,SELL,AU,InpSMCEntryTF=M1 | InpSMCBiasTF=M30 | InpSMCDisplacementATR=0.9 | InpSMCDungLocEMAH1=true | InpSMCDungLocRSI=false,258,56.2,1.38,737.55,0.16,6,7,174,57.47,677.78,84,53.57,59.76,0.0,THAM_DO_CHUA_KIEM_CHUNG,5.22,19.61,363.41,-28.79,19.64,298.69,47.73,34.14,-22.1
1701,141,GRID,PVEMA,SELL,TAT_CA,InpPVKhungVaoLenh=M5 | InpPVKhungXuHuong=M30 | InpPVADXToiThieu=20 | InpPVSoNenTimSL=5,438,53.65,1.18,734.86,0.3,9,6,304,54.93,760.87,134,50.75,-26.01,0.0,THAM_DO_CHUA_KIEM_CHUNG,4.22,-63.66,220.2,281.6,122.04,196.49,-1.58,97.2,-121.62
1833,152,GRID,PVEMA,SELL,TAT_CA,InpPVKhungVaoLenh=M5 | InpPVKhungXuHuong=M30 | InpPVADXToiThieu=20 | InpPVSoNenTimSL=10,371,54.18,1.2,720.85,0.33,9,6,253,55.73,771.04,118,50.85,-50.19,0.0,THAM_DO_CHUA_KIEM_CHUNG,-14.17,15.31,75.46,299.94,-40.49,434.99,-168.26,57.37,60.7
1221,101,GRID,SMC,SELL,TAT_CA,InpSMCEntryTF=M3 | InpSMCBiasTF=M15 | InpSMCDisplacementATR=0.9 | InpSMCDungLocEMAH1=false | InpSMCDungLocRSI=true,367,53.13,1.19,686.5,0.33,7,6,231,52.81,502.02,136,53.68,184.48,0.0,THAM_DO_CHUA_KIEM_CHUNG,-136.46,81.12,258.13,-147.19,126.21,320.2,-104.02,106.45,182.04
1797,149,GRID,PVEMA,SELL,TAT_CA,InpPVKhungVaoLenh=M5 | InpPVKhungXuHuong=H1 | InpPVADXToiThieu=14 | InpPVSoNenTimSL=10,481,52.6,1.13,670.79,0.33,8,5,332,52.71,547.63,149,52.35,123.16,0.0,THAM_DO_CHUA_KIEM_CHUNG,-50.52,66.58,49.24,151.2,-185.7,516.83,-39.7,-88.19,251.05
1365,113,GRID,SMC,SELL,TAT_CA,InpSMCEntryTF=M1 | InpSMCBiasTF=M30 | InpSMCDisplacementATR=0.9 | InpSMCDungLocEMAH1=true | InpSMCDungLocRSI=false,663,52.34,1.13,664.12,0.3,6,4,447,51.45,468.7,216,54.17,195.41,0.0,THAM_DO_CHUA_KIEM_CHUNG,-103.12,-5.01,314.81,-114.75,-71.82,448.59,-47.53,117.04,125.89
937,78,GRID,ICT,BUY_SELL,TAT_CA,InpICTEntryTF=M1 | InpICTBiasTF=H1 | InpICTDisplacementATR=0.9 | InpICTPriority=3,1574,50.38,1.05,648.08,0.66,9,4,1082,50.74,835.41,492,49.59,-187.33,-47.04,THAM_DO_CHUA_KIEM_CHUNG,438.03,-236.15,528.16,-69.9,-23.52,198.79,-161.46,82.27,-108.14
393,32,BASE,ICT,SELL,TAT_CA,InpICTEntryTF=M1 | InpICTBiasTF=M30 | InpICTDisplacementATR=0.9 | InpICTPriority=0,687,51.09,1.13,647.27,0.28,7,5,462,50.43,521.68,225,52.44,125.59,0.0,THAM_DO_CHUA_KIEM_CHUNG,-5.64,61.5,358.72,-50.56,-64.25,221.92,-51.1,100.88,75.8
1660,138,GRID,PVEMA,BUY_SELL,MY,InpPVKhungVaoLenh=M5 | InpPVKhungXuHuong=H1 | InpPVADXToiThieu=14 | InpPVSoNenTimSL=5,324,53.7,1.23,646.11,0.28,8,6,225,56.44,627.14,99,47.47,18.98,-30.8,THAM_DO_CHUA_KIEM_CHUNG,216.48,301.92,-156.15,1.34,-34.55,298.1,37.88,-38.09,19.19
1777,148,GRID,PVEMA,BUY_SELL,TAT_CA,InpPVKhungVaoLenh=M10 | InpPVKhungXuHuong=M30 | InpPVADXToiThieu=14 | InpPVSoNenTimSL=10,499,50.7,1.11,645.42,0.39,10,5,321,52.02,723.29,178,48.31,-77.87,-34.16,THAM_DO_CHUA_KIEM_CHUNG,34.84,249.35,-91.22,108.38,-16.4,438.33,77.62,-35.33,-120.16
705,58,GRID,ICT,SELL,TAT_CA,InpICTEntryTF=M1 | InpICTBiasTF=M30 | InpICTDisplacementATR=0.9 | InpICTPriority=2,642,51.09,1.14,645.22,0.29,8,6,429,50.58,531.02,213,52.11,114.2,0.0,THAM_DO_CHUA_KIEM_CHUNG,54.59,22.89,432.14,-38.85,-15.08,75.33,-49.08,62.63,100.65
1301,108,GRID,SMC,BUY,TAT_CA,InpSMCEntryTF=M2 | InpSMCBiasTF=M30 | InpSMCDisplacementATR=1.2 | InpSMCDungLocEMAH1=false | InpSMCDungLocRSI=true,336,51.19,1.21,638.64,0.32,6,6,216,50.93,468.0,120,51.67,170.64,-34.16,THAM_DO_CHUA_KIEM_CHUNG,273.09,135.18,144.73,189.67,-43.85,-230.82,96.73,-21.56,95.47
947,78,GRID,ICT,SELL,AU,InpICTEntryTF=M1 | InpICTBiasTF=H1 | InpICTDisplacementATR=0.9 | InpICTPriority=3,311,54.34,1.25,632.88,0.21,6,7,207,56.52,702.21,104,50.0,-69.33,0.0,THAM_DO_CHUA_KIEM_CHUNG,128.12,35.17,334.04,17.3,31.12,156.47,-113.7,80.4,-36.03
993,82,GRID,ICT,SELL,TAT_CA,InpICTEntryTF=M1 | InpICTBiasTF=M30 | InpICTDisplacementATR=1.2 | InpICTPriority=3,699,51.5,1.1,632.42,0.34,6,5,467,50.32,405.53,232,53.88,226.89,0.0,THAM_DO_CHUA_KIEM_CHUNG,-74.2,-117.79,372.82,286.17,-93.26,31.79,-33.98,183.4,77.47
939,78,GRID,ICT,BUY_SELL,AU,InpICTEntryTF=M1 | InpICTBiasTF=H1 | InpICTDisplacementATR=0.9 | InpICTPriority=3,598,52.51,1.13,622.46,0.28,9,6,410,54.15,839.02,188,48.94,-216.56,-2.24,THAM_DO_CHUA_KIEM_CHUNG,92.02,-4.38,458.41,48.01,72.96,171.99,-162.2,15.86,-70.22
1304,108,GRID,SMC,BUY,MY,InpSMCEntryTF=M2 | InpSMCBiasTF=M30 | InpSMCDisplacementATR=1.2 | InpSMCDungLocEMAH1=false | InpSMCDungLocRSI=true,91,56.04,1.83,616.44,0.22,6,7,62,58.06,483.01,29,51.72,133.43,-34.16,THIEU_MAU,41.86,143.52,87.9,263.78,89.87,-143.93,-13.78,7.51,139.69
1617,134,BASE,PVEMA,SELL,TAT_CA,InpPVKhungVaoLenh=M6 | InpPVKhungXuHuong=M30 | InpPVADXToiThieu=14 | InpPVSoNenTimSL=10,424,53.07,1.13,614.14,0.28,7,5,280,53.57,713.9,144,52.08,-99.76,0.0,THAM_DO_CHUA_KIEM_CHUNG,1.02,273.52,-35.24,209.73,-112.81,377.68,-81.03,-55.09,36.36
1785,148,GRID,PVEMA,SELL,TAT_CA,InpPVKhungVaoLenh=M10 | InpPVKhungXuHuong=M30 | InpPVADXToiThieu=14 | InpPVSoNenTimSL=10,268,54.1,1.2,611.33,0.3,4,6,170,54.71,567.19,98,53.06,44.14,0.0,THAM_DO_CHUA_KIEM_CHUNG,-19.31,106.37,-37.0,120.15,12.71,384.27,68.66,-76.17,51.66
707,58,GRID,ICT,SELL,AU,InpICTEntryTF=M1 | InpICTBiasTF=M30 | InpICTDisplacementATR=0.9 | InpICTPriority=2,255,52.55,1.31,609.96,0.18,5,8,176,55.11,645.97,79,46.84,-36.0,0.0,THAM_DO_CHUA_KIEM_CHUNG,57.81,27.84,363.37,26.12,20.94,149.88,-99.74,22.28,41.46
875,72,GRID,ICT,SELL,AU,InpICTEntryTF=M1 | InpICTBiasTF=H1 | InpICTDisplacementATR=0.6 | InpICTPriority=3,318,55.66,1.25,608.07,0.2,5,6,209,57.89,605.32,109,51.38,2.75,0.0,THAM_DO_CHUA_KIEM_CHUNG,73.57,17.49,334.2,11.04,-43.63,212.65,-52.29,60.18,-5.13
779,64,GRID,ICT,SELL,AU,InpICTEntryTF=M1 | InpICTBiasTF=M30 | InpICTDisplacementATR=1.2 | InpICTPriority=2,198,55.05,1.39,607.56,0.18,5,8,134,56.72,572.03,64,51.56,35.53,0.0,THAM_DO_CHUA_KIEM_CHUNG,33.1,112.48,281.54,66.85,12.17,65.89,-84.7,48.72,71.52
