name,net,pf,trades,win_pct,maxdd,maxdd_pct,min_eq,max_float_loss,max_lots,max_layers,days,win_days_pct,worst_day,best_day,max_consec_loss_days,blown,n_chot_lai_rong,n_chot_loi_1_huong,n_chot_tong,n_cat_lo_1_huong,n_cat_lo_ro,n_cham_SL,n_cham_TP,n_dong_ngoai_gio,n_dung_ngay,n_cat_lo_thoi_gian,m_2026-01
r11_00530,2285.88,1.278,1169,67.0,1471.82,6.86,19972.41,822.89,0.71,5,7,71.4,-68.30,1058.30,1,0,0,8,0,0,0,934,182,45,0,0,2285.88
r11_00709,2746.43,1.168,2665,66.8,1172.46,5.80,19032.33,545.40,0.49,5,7,85.7,-492.52,1128.58,1,0,0,0,0,0,0,1928,696,41,0,0,2746.43
r11_00258,-1637.26,0.740,653,69.7,3630.04,18.03,16506.46,2875.68,0.75,16,7,57.1,-2392.38,521.82,2,0,0,0,0,16,0,554,32,51,0,0,-1637.26
r11_01158,1267.73,1.229,1062,73.1,1460.80,7.04,19295.21,787.46,0.96,6,7,71.4,-420.68,547.19,2,0,0,0,0,0,0,983,40,39,0,0,1267.73
r11_00619,-1010.42,0.760,623,72.7,1938.74,9.65,18154.87,1696.41,0.50,18,7,42.9,-1295.27,301.45,2,0,0,7,0,0,19,467,63,67,0,0,-1010.42
r11_00071,-452.20,0.892,628,69.3,1909.35,9.51,18165.88,1946.92,0.52,22,7,57.1,-1174.37,446.32,2,0,0,0,0,0,0,434,86,108,0,0,-452.20
r11_01221,-805.83,0.813,667,70.3,1515.00,7.53,18599.02,826.08,0.36,10,7,57.1,-729.76,261.22,2,0,0,0,0,0,0,503,86,78,0,0,-805.83
r11_00085,1304.68,1.479,693,72.0,462.22,2.27,19698.86,383.78,0.20,5,7,71.4,-104.42,684.35,1,0,0,0,0,10,0,521,116,46,0,0,1304.68
r11_01238,186.57,1.049,614,71.5,1188.78,5.86,19082.80,852.63,0.35,7,7,42.9,-337.54,517.60,2,0,0,0,0,0,0,463,102,49,0,0,186.57
r11_00920,504.58,1.151,670,74.5,882.99,4.37,19306.78,686.24,0.32,6,7,57.1,-267.67,439.13,2,0,0,13,0,0,0,550,60,47,0,0,504.58
r11_00053,232.47,1.042,1360,70.6,520.85,2.55,19876.36,155.78,0.20,6,7,42.9,-150.89,293.24,4,0,0,4,0,0,0,1271,50,35,0,0,232.47
r11_01418,-282.98,0.930,568,69.2,1123.88,5.54,19160.08,442.29,0.30,7,7,42.9,-447.61,254.14,3,0,0,0,0,0,0,468,61,39,0,0,-282.98
r11_00047,1066.33,1.128,1594,68.1,939.31,4.49,19915.89,389.75,0.45,5,7,57.1,-404.70,746.72,1,0,0,0,0,0,0,1379,175,40,0,0,1066.33
r11_01243,2221.57,1.425,1128,69.3,830.60,4.03,19653.31,619.94,0.67,10,7,100.0,0.00,527.61,0,0,0,3,0,0,0,852,225,48,0,0,2221.57
set710taikhoan20k,2464.52,1.387,1315,69.2,1811.65,8.85,18652.27,986.02,0.81,14,7,71.4,-329.32,1295.48,2,0,0,0,19,39,0,915,290,52,0,0,2464.52
