name,Q1,Q2,Q3,tong,minq,dd,tr,pos_months
r11_00028,8343.269999999999,2392.6,1353.79,12089.66,1353.79,8269.12,20115,4
r11_00031,3757.1499999999996,1604.6299999999997,478.8799999999999,5840.659999999999,478.8799999999999,5616.69,27745,6
r11_00047,10733.34,5288.400000000001,1553.6400000000003,17575.38,1553.6400000000003,5302.62,44864,6
r11_00049,15125.470000000001,70.55000000000007,2011.6799999999998,17207.7,70.55000000000007,5119.49,29591,7
r11_00053,3647.1499999999996,1697.51,1637.3,6981.96,1637.3,3617.45,44851,7
r11_00071,13244.960000000001,3515.16,6356.9,23117.020000000004,3515.16,9650.11,24665,7
r11_00083,39630.96,1782.3700000000008,2564.62,43977.950000000004,1782.3700000000008,13317.15,61866,6
r11_00085,7137.0199999999995,2948.67,3682.59,13768.279999999999,2948.67,8371.84,36412,8
r11_00176,28876.96,2895.92,2558.34,34331.22,2558.34,14851.54,31210,6
r11_00224,8591.98,1595.2,39.51999999999987,10226.7,39.51999999999987,5421.37,23613,7
r11_00245,1592.0,1333.3000000000002,10.740000000000038,2936.0400000000004,10.740000000000038,2596.13,21082,4
r11_00258,17717.87,5248.990000000001,5891.43,28858.29,5248.990000000001,17622.28,27022,6
r11_00285,14281.82,2962.47,468.1500000000001,17712.440000000002,468.1500000000001,8928.91,20185,7
r11_00290,2746.27,3531.0000000000005,1072.3200000000002,7349.59,1072.3200000000002,3711.25,20722,8
r11_00319,10682.71,3400.2200000000003,1770.24,15853.17,1770.24,7573.04,24802,7
r11_00372,90.27999999999997,225.64,155.40999999999997,471.3299999999999,90.27999999999997,382.43,532,7
r11_00378,13446.83,301.2099999999998,3514.43,17262.469999999998,301.2099999999998,6618.89,54230,7
r11_00438,236.41,327.08000000000004,586.72,1150.21,236.41,741.29,684,7
r11_00447,18775.72,1638.29,200.97000000000025,20614.980000000003,200.97000000000025,13106.43,36784,5
r11_00529,858.8599999999999,607.4499999999998,2522.29,3988.5999999999995,607.4499999999998,6091.21,31135,5
r11_00530,7129.45,16307.77,7002.79,30440.010000000002,7002.79,15527.1,41395,8
r11_00532,3980.7300000000005,1947.3900000000003,609.9200000000001,6538.040000000001,609.9200000000001,5742.93,21989,6
r11_00550,18.42000000000001,10.370000000000005,266.90000000000003,295.69000000000005,10.370000000000005,211.19,339,5
r11_00566,8420.17,86.22999999999956,1745.19,10251.59,86.22999999999956,4501.23,24885,6
r11_00579,7037.34,109.96000000000004,117.02999999999975,7264.33,109.96000000000004,5030.46,27880,6
r11_00607,14261.149999999998,3906.2299999999996,70.37999999999977,18237.76,70.37999999999977,6692.45,49077,7
r11_00613,51.32,296.6,653.27,1001.19,51.32,190.8,392,8
r11_00619,11433.970000000001,5420.330000000001,4629.1,21483.4,4629.1,8499.83,23479,9
r11_00622,6600.279999999999,3104.9900000000002,79.55000000000005,9784.819999999998,79.55000000000005,7729.07,22377,4
r11_00623,15207.880000000001,2356.98,314.91,17879.77,314.91,3804.75,52632,7
r11_00654,13119.57,3460.86,2597.03,19177.46,2597.03,9432.33,30030,5
r11_00666,6.2600000000000335,434.64,972.77,1413.67,6.2600000000000335,713.83,745,5
r11_00708,9312.54,4651.57,2213.0499999999997,16177.16,2213.0499999999997,7942.68,22658,5
r11_00709,5311.18,6840.01,8573.59,20724.78,5311.18,12489.04,74724,8
r11_00750,286.33000000000004,133.29000000000002,329.83000000000004,749.45,133.29000000000002,1793.53,6564,6
r11_00803,11723.68,984.9300000000001,969.93,13678.54,969.93,3195.68,28385,7
r11_00804,2258.5699999999997,785.86,387.86,3432.29,387.86,2670.79,20963,5
r11_00816,7029.449999999999,2373.04,350.3699999999999,9752.859999999997,350.3699999999999,5217.96,38974,6
r11_00846,8825.470000000001,9000.74,896.1500000000001,18722.36,896.1500000000001,10213.76,51777,7
r11_00869,16159.97,7534.0,157.47000000000003,23851.440000000002,157.47000000000003,8187.94,28472,6
r11_00920,8393.73,1930.3900000000003,1389.96,11714.079999999998,1389.96,2621.39,18031,8
r11_00942,22070.789999999997,1499.0899999999992,3878.2700000000004,27448.149999999998,1499.0899999999992,18848.6,51108,6
r11_01002,6604.54,4427.88,1014.05,12046.47,1014.05,3635.63,36917,6
r11_01018,18859.37,244.01000000000022,724.8199999999999,19828.199999999997,244.01000000000022,7392.37,48476,6
r11_01027,22197.56,11865.460000000001,821.1,34884.12,821.1,10753.01,41453,8
r11_01145,6429.4400000000005,5313.2,1231.6200000000003,12974.26,1231.6200000000003,10047.51,19548,5
r11_01158,33529.66,4657.219999999999,8260.64,46447.520000000004,4657.219999999999,11212.98,40081,7
r11_01173,2921.6100000000006,1225.56,994.87,5142.04,994.87,5358.62,20867,6
r11_01221,7664.26,3202.99,3193.27,14060.52,3193.27,7948.19,24425,6
r11_01238,8953.99,3276.49,2746.0200000000004,14976.5,2746.0200000000004,3831.24,16305,7
r11_01239,18047.739999999998,417.0999999999999,1232.11,19696.949999999997,417.0999999999999,6923.34,40561,6
r11_01243,22299.0,1471.8699999999994,5927.85,29698.72,1471.8699999999994,8714.85,39013,6
r11_01268,12470.490000000002,5408.89,885.3,18764.68,885.3,5724.62,22311,6
r11_01418,19467.38,1674.6899999999996,1662.45,22804.52,1662.45,5562.53,21876,6
r11_01431,32488.08,1202.0399999999981,1095.4900000000007,34785.61,1095.4900000000007,15604.75,41593,6
r11_01462,13291.95,5485.77,1354.29,20132.010000000002,1354.29,8967.29,27786,7
r11_01477,19778.010000000002,5475.210000000001,1317.9700000000003,26571.190000000002,1317.9700000000003,9185.05,33029,6
r11_01488,1830.82,363.0,46.91,2240.7299999999996,46.91,3317.1,29252,4
