name,net,pf,trades,win_pct,maxdd,maxdd_pct,min_eq,max_float_loss,max_lots,max_layers,days,win_days_pct,worst_day,best_day,max_consec_loss_days,blown,n_chot_lai_rong,n_chot_loi_1_huong,n_chot_tong,n_cat_lo_1_huong,n_cat_lo_ro,n_cham_SL,n_cham_TP,n_dong_ngoai_gio,n_dung_ngay,n_cat_lo_thoi_gian,m_2026-01,m_2026-02,m_2026-03,m_2026-04,m_2026-05,m_2026-06,m_2026-07,m_2026-08,m_2026-09
r11_00920,11714.09,1.113,18031,71.7,3881.94,12.09,19417.80,1410.71,0.39,6,190,62.6,-1379.15,1122.03,5,0,0,429,0,0,0,13956,2433,1212,1,0,4149.75,335.39,3908.59,1204.43,546.33,179.63,-819.68,815.33,1394.31
r11_00920_m00,11714.09,1.113,18031,71.7,3881.94,12.09,19417.80,1410.71,0.39,6,190,62.6,-1379.15,1122.03,5,0,0,429,0,0,0,13956,2433,1212,1,0,4149.75,335.39,3908.59,1204.43,546.33,179.63,-819.68,815.33,1394.31
r11_00920_m01,11622.91,1.113,17754,71.4,4413.92,13.38,19388.47,1410.84,0.39,6,190,59.5,-1369.42,1024.58,5,0,0,428,0,0,0,13718,2400,1208,0,0,4196.05,343.93,3934.22,1610.08,964.09,123.17,-1179.86,442.42,1188.80
r11_00920_m02,10591.70,1.102,17907,71.7,3892.24,12.53,19417.80,1410.71,0.39,6,190,62.1,-1444.68,1122.03,5,0,0,408,0,0,0,13873,2420,1192,14,0,4149.75,-220.17,3908.59,704.73,546.33,179.63,-886.80,815.33,1394.31
r11_00920_m03,13250.44,1.131,17753,71.8,3790.73,11.60,19513.94,1400.78,0.40,6,190,64.2,-1395.91,1040.56,5,0,0,428,0,0,0,13802,2318,1205,0,0,4422.66,-77.66,3486.08,1716.92,1076.09,438.90,-300.09,580.64,1906.90
r11_00920_m04,11714.09,1.113,18031,71.7,3881.94,12.09,19417.80,1410.71,0.39,6,190,62.6,-1379.15,1122.03,5,0,0,429,0,0,0,13956,2433,1212,1,0,4149.75,335.39,3908.59,1204.43,546.33,179.63,-819.68,815.33,1394.31
r11_00920_m05,11714.09,1.113,18031,71.7,3881.94,12.09,19417.80,1410.71,0.39,6,190,62.6,-1379.15,1122.03,5,0,0,429,0,0,0,13956,2433,1212,1,0,4149.75,335.39,3908.59,1204.43,546.33,179.63,-819.68,815.33,1394.31
r11_00920_m06,18353.52,1.134,20385,71.0,8363.31,21.79,18743.40,2490.05,0.80,12,190,73.7,-3552.10,1209.14,4,0,30,3682,0,22,0,13142,2229,1256,24,0,3991.04,1464.67,7656.09,3855.16,-1789.16,73.17,-771.11,2273.57,1600.10
r11_00920_m07,14627.77,1.107,20077,70.7,10347.14,27.07,19195.00,2496.44,0.80,14,190,75.3,-4095.47,1138.06,4,0,30,465,0,47,0,15911,2380,1210,34,0,4156.54,2578.65,7591.91,3116.31,-3973.82,177.73,-1336.17,1012.98,1303.64
r11_00920_m08,11897.04,1.115,18000,71.7,3857.46,11.98,19399.09,1410.71,0.39,6,190,61.6,-1379.15,1073.52,5,0,0,106,0,0,0,14197,2481,1211,5,0,4070.81,515.28,3795.16,1338.91,517.38,279.88,-632.90,825.38,1187.14
r11_00920_m09,1909.18,1.030,12541,75.9,1848.40,8.48,19797.80,755.94,0.12,3,190,51.1,-675.34,483.07,4,0,0,304,0,0,0,10994,366,877,0,0,914.65,568.56,-812.32,1123.64,528.35,775.85,-765.69,-35.34,-388.52
r11_00920_m10,11514.80,1.102,19564,72.0,4816.34,13.92,19500.25,1618.48,0.39,6,190,63.2,-1780.95,1076.10,5,0,0,457,0,0,0,15320,2569,1209,9,0,4562.05,1162.61,3561.22,2085.01,1421.67,66.98,-1279.50,332.22,-397.47
r11_00920_m11,12216.81,1.118,18062,71.8,3798.42,11.82,19414.23,1410.71,0.39,6,190,61.1,-1383.88,958.98,5,0,0,1025,0,0,0,13427,2395,1210,5,0,4305.45,201.23,3973.70,1131.46,669.83,187.76,-874.54,990.83,1631.09
r11_00920_m12,20971.65,1.166,19170,71.0,6447.72,15.89,19221.43,2006.72,0.63,6,190,63.7,-2275.44,1154.39,5,0,0,672,0,0,0,15447,1920,1114,17,0,6162.05,423.29,7604.61,2514.25,710.38,-256.95,-1146.87,1418.05,3542.84
r11_00920_m13,11714.09,1.113,18031,71.7,3881.94,12.09,19417.80,1410.71,0.39,6,190,62.6,-1379.15,1122.03,5,0,0,429,0,0,0,13956,2433,1212,1,0,4149.75,335.39,3908.59,1204.43,546.33,179.63,-819.68,815.33,1394.31
r11_00920_m14,11622.91,1.113,17754,71.4,4413.92,13.38,19388.47,1410.84,0.39,6,190,59.5,-1369.42,1024.58,5,0,0,428,0,0,0,13718,2400,1208,0,0,4196.05,343.93,3934.22,1610.08,964.09,123.17,-1179.86,442.42,1188.80
r11_00920_m15,11714.09,1.113,18031,71.7,3881.94,12.09,19417.80,1410.71,0.39,6,190,62.6,-1379.15,1122.03,5,0,0,429,0,0,0,13956,2433,1212,1,0,4149.75,335.39,3908.59,1204.43,546.33,179.63,-819.68,815.33,1394.31
r11_00920_m16,13883.57,1.147,16807,72.5,3856.71,11.45,19576.27,1397.23,0.22,6,190,62.6,-1513.86,1076.02,5,0,0,400,0,0,0,13196,2123,1087,1,0,3783.59,932.85,4192.05,1841.86,1013.10,196.66,-401.26,485.87,1838.84
r11_00920_m17,8002.66,1.086,17441,72.0,3311.54,11.35,19495.36,1155.06,0.30,6,190,58.9,-1095.68,950.83,5,0,0,338,0,0,0,12977,2870,1256,0,0,3106.21,494.59,1958.39,1406.91,432.11,199.29,-736.60,322.44,819.32
r11_00920_m18,11714.09,1.113,18031,71.7,3881.94,12.09,19417.80,1410.71,0.39,6,190,62.6,-1379.15,1122.03,5,0,0,429,0,0,0,13956,2433,1212,1,0,4149.75,335.39,3908.59,1204.43,546.33,179.63,-819.68,815.33,1394.31
r11_00920_m19,12586.24,1.123,18391,72.2,3615.58,11.26,19414.37,1398.39,0.40,6,190,62.6,-1358.80,1001.20,5,0,0,414,0,0,0,14380,2372,1225,0,0,4515.40,-206.96,3887.78,1114.42,888.62,566.04,-913.67,590.10,2144.50
r11_00920_m20,11714.09,1.113,18031,71.7,3881.94,12.09,19417.80,1410.71,0.39,6,190,62.6,-1379.15,1122.03,5,0,0,429,0,0,0,13956,2433,1212,1,0,4149.75,335.39,3908.59,1204.43,546.33,179.63,-819.68,815.33,1394.31
r11_00920_m21,5731.04,1.049,22040,70.0,3534.83,12.38,19952.43,477.92,0.38,6,190,52.1,-670.56,809.68,4,0,0,538,0,0,0,18280,2297,925,0,0,2995.56,1238.03,1924.69,1605.11,-746.04,122.52,-1050.66,-346.24,-11.93
r11_00920_m22,6903.61,1.041,22538,70.7,8232.57,36.97,14036.87,2489.51,0.40,6,192,62.0,-4093.08,1206.16,4,0,0,710,0,24,0,16241,4121,1314,128,0,-1854.27,-2351.50,5437.64,1445.61,130.67,-903.71,1133.80,2819.01,1046.36
r11_00920_m23,18793.50,1.188,18553,72.0,3257.06,9.05,19391.18,1411.32,0.40,6,190,63.2,-1639.60,1048.92,5,0,0,412,0,0,0,14335,2593,1213,0,0,4069.90,845.97,5630.91,2625.14,849.02,452.23,-225.35,679.59,3866.08
r11_00920_m24,12586.24,1.123,18391,72.2,3615.58,11.26,19414.37,1398.39,0.40,6,190,62.6,-1358.80,1001.20,5,0,0,414,0,0,0,14380,2372,1225,0,0,4515.40,-206.96,3887.78,1114.42,888.62,566.04,-913.67,590.10,2144.50
r11_00920_m25,11449.88,1.107,18148,71.6,4560.40,13.97,19388.75,1496.21,0.41,6,190,62.1,-1496.54,1133.09,5,0,0,433,0,0,0,14262,2259,1193,1,0,4632.28,221.24,3898.82,1184.89,573.51,-60.15,-1005.19,782.01,1222.46
r11_00920_m26,13500.87,1.137,17463,71.8,3376.13,10.33,19452.74,1396.48,0.38,6,190,63.7,-1406.40,1024.15,5,0,0,393,0,0,0,13723,2162,1185,0,0,3753.70,-269.12,5112.65,1351.95,963.70,449.06,-208.80,660.70,1687.04
r11_00920_m27,11261.34,1.066,22578,71.0,4548.63,15.40,19040.75,2490.18,0.40,6,192,62.0,-1666.35,1098.13,4,0,0,1744,0,30,0,15442,3944,1277,141,0,1153.87,-1156.27,4475.58,2069.43,942.24,-253.94,577.68,1578.94,1873.80
r11_00920_m28,12791.00,1.120,19033,71.9,3550.83,11.37,19346.44,1411.98,0.40,6,190,59.5,-1351.44,1104.39,4,0,0,449,0,0,0,14577,2741,1265,1,0,3369.20,155.99,4153.71,1436.27,167.54,609.94,-490.41,1139.81,2248.96
r11_00920_m29,13237.46,1.128,18164,72.0,3750.58,11.61,19125.36,1410.71,0.40,6,190,63.7,-1391.65,972.62,5,0,0,993,0,0,0,13600,2374,1197,0,0,4862.06,-596.24,5077.86,732.00,407.06,295.49,-1084.42,1053.10,2490.57
r11_00920_m30,8059.87,1.087,16883,72.3,3154.68,11.32,19558.11,1090.47,0.27,5,190,58.9,-1071.57,909.93,5,0,0,399,0,0,0,13022,2317,1145,0,0,2841.99,-469.76,1892.15,1598.26,126.70,683.10,-1061.92,846.36,1602.98
r11_00920_m31,11714.09,1.113,18031,71.7,3881.94,12.09,19417.80,1410.71,0.39,6,190,62.6,-1379.15,1122.03,5,0,0,429,0,0,0,13956,2433,1212,1,0,4149.75,335.39,3908.59,1204.43,546.33,179.63,-819.68,815.33,1394.31
r11_00920_m32,16663.77,1.122,20115,70.7,11179.22,27.81,19195.00,2493.92,0.80,14,190,76.3,-4016.07,1221.27,4,0,73,465,0,47,0,15949,2345,1196,40,0,4495.79,3733.43,7639.72,2382.60,-3753.28,396.62,-1567.02,1303.17,2032.73
r11_00920_m33,10997.47,1.105,18257,71.5,3714.72,12.07,19118.59,1411.25,0.40,6,190,64.2,-1571.80,1054.07,5,0,0,419,0,0,0,14000,2592,1246,0,0,3879.21,-678.06,3946.49,1210.45,230.91,748.26,-678.84,125.95,2213.10
r11_00920_m34,11714.09,1.113,18031,71.7,3881.94,12.09,19417.80,1410.71,0.39,6,190,62.6,-1379.15,1122.03,5,0,0,429,0,0,0,13956,2433,1212,1,0,4149.75,335.39,3908.59,1204.43,546.33,179.63,-819.68,815.33,1394.31
r11_00920_m35,12347.43,1.120,17956,71.8,3871.12,11.88,19417.80,1397.23,0.29,6,190,63.2,-1434.05,1129.90,5,0,0,439,0,0,0,13862,2442,1212,1,0,4153.90,181.46,4051.49,1818.06,412.98,151.36,-711.39,567.00,1722.57
r11_00920_m36,11764.67,1.114,18029,71.7,3881.94,12.08,19417.80,1410.71,0.39,6,190,62.6,-1379.15,1122.03,5,0,0,431,0,0,0,13952,2433,1212,1,0,4149.75,361.99,3908.59,1204.43,546.33,179.63,-795.70,815.33,1394.31
r11_00920_m37,6903.61,1.041,22538,70.7,8232.57,36.97,14036.87,2489.51,0.40,6,192,62.0,-4093.08,1206.16,4,0,0,710,0,24,0,16241,4121,1314,128,0,-1854.27,-2351.50,5437.64,1445.61,130.67,-903.71,1133.80,2819.01,1046.36
r11_00920_m38,26449.71,1.159,20280,70.3,8322.63,18.58,19045.92,2489.13,0.78,6,190,65.3,-3351.92,1279.03,3,0,10,1030,0,12,0,16627,1560,924,117,0,7287.87,-809.64,7587.57,6448.12,204.85,-299.26,-924.15,1821.54,5132.82
r11_00920_m39,11714.09,1.113,18031,71.7,3881.94,12.09,19417.80,1410.71,0.39,6,190,62.6,-1379.15,1122.03,5,0,0,429,0,0,0,13956,2433,1212,1,0,4149.75,335.39,3908.59,1204.43,546.33,179.63,-819.68,815.33,1394.31
r11_01238,14976.51,1.143,16305,69.1,4600.19,13.36,18831.47,1299.68,0.48,7,190,66.3,-1812.28,1282.47,3,0,4,4,0,0,14,12452,2617,1214,0,0,3557.09,1655.33,3741.57,2783.76,972.45,-479.72,-1386.46,1089.68,3042.80
r11_01238_m00,14995.56,1.143,16283,69.1,4621.39,13.40,18831.47,1299.68,0.48,7,190,66.3,-1812.28,1282.47,3,0,4,4,0,0,14,12433,2617,1211,0,0,3557.09,1655.33,3781.81,2783.76,951.26,-479.72,-1386.46,1089.68,3042.80
r11_01238_m01,14979.01,1.143,16305,69.1,4600.19,13.36,18831.47,1299.68,0.48,7,190,66.3,-1812.28,1282.47,3,0,4,4,0,0,14,12452,2617,1214,0,0,3557.09,1655.33,3744.07,2783.76,972.45,-479.72,-1386.46,1089.68,3042.80
r11_01238_m02,14539.62,1.135,16713,68.8,5169.52,14.94,18947.09,1294.54,0.53,7,190,64.2,-1846.09,1256.97,3,0,0,4,0,0,21,12567,2915,1206,0,0,3450.88,1510.68,3417.72,3567.64,403.27,-425.02,-1273.05,771.01,3116.48
r11_01238_m03,17535.03,1.129,17775,67.7,5513.45,14.91,18463.49,1299.99,0.64,7,190,64.7,-1985.38,1712.80,3,0,4,4,0,0,149,14072,2439,1107,0,0,5226.29,2159.09,4998.23,2919.15,-294.92,39.46,-2307.37,1486.99,3308.12
r11_01238_m04,9932.35,1.094,15775,69.1,6025.23,18.99,18352.11,1299.22,0.49,7,190,62.6,-1856.75,1267.56,4,0,0,4,0,0,22,12090,2454,1205,0,0,2949.58,533.07,3201.87,2357.00,548.97,-1920.82,-1048.33,1056.80,2254.21
r11_01238_m05,14976.51,1.143,16305,69.1,4600.19,13.36,18831.47,1299.68,0.48,7,190,66.3,-1812.28,1282.47,3,0,4,4,0,0,14,12452,2617,1214,0,0,3557.09,1655.33,3741.57,2783.76,972.45,-479.72,-1386.46,1089.68,3042.80
r11_01238_m06,14976.51,1.143,16305,69.1,4600.19,13.36,18831.47,1299.68,0.48,7,190,66.3,-1812.28,1282.47,3,0,4,4,0,0,14,12452,2617,1214,0,0,3557.09,1655.33,3741.57,2783.76,972.45,-479.72,-1386.46,1089.68,3042.80
r11_01238_m07,14976.51,1.143,16305,69.1,4600.19,13.36,18831.47,1299.68,0.48,7,190,66.3,-1812.28,1282.47,3,0,4,4,0,0,14,12452,2617,1214,0,0,3557.09,1655.33,3741.57,2783.76,972.45,-479.72,-1386.46,1089.68,3042.80
r11_01238_m08,9183.19,1.105,13949,70.4,7468.12,22.55,18852.51,1293.14,0.22,6,190,62.1,-1598.86,1245.53,6,0,9,8,0,0,6,10852,2054,1020,0,0,2160.00,3689.83,2633.14,2649.77,-637.73,-2517.96,-1095.64,-90.87,2392.64
r11_01238_m09,15494.67,1.148,16309,69.1,4171.75,12.07,18828.21,1293.66,0.48,7,190,65.8,-1814.27,1282.72,3,0,0,8,0,0,14,12470,2604,1213,0,0,3800.40,1821.26,3420.07,2789.12,992.61,-151.06,-1336.87,1143.93,3015.20
r11_01238_m10,15487.53,1.134,18146,69.1,3986.15,11.94,18864.86,1099.84,0.47,7,190,64.7,-1686.75,1382.97,3,0,4,4,0,0,100,13983,2878,1177,0,0,4183.61,1620.90,3359.90,1728.28,775.41,373.66,-1509.30,1201.41,3753.67
r11_01238_m11,14976.51,1.143,16305,69.1,4600.19,13.36,18831.47,1299.68,0.48,7,190,66.3,-1812.28,1282.47,3,0,4,4,0,0,14,12452,2617,1214,0,0,3557.09,1655.33,3741.57,2783.76,972.45,-479.72,-1386.46,1089.68,3042.80
r11_01238_m12,14976.51,1.143,16305,69.1,4600.19,13.36,18831.47,1299.68,0.48,7,190,66.3,-1812.28,1282.47,3,0,4,4,0,0,14,12452,2617,1214,0,0,3557.09,1655.33,3741.57,2783.76,972.45,-479.72,-1386.46,1089.68,3042.80
r11_01238_m13,17987.52,1.159,17992,69.1,4190.83,11.62,18864.86,1299.68,0.48,7,190,65.8,-1784.90,1382.97,3,0,0,4,0,0,21,13891,2862,1214,0,0,4183.61,1620.90,5126.68,2058.97,1162.08,389.51,-1509.30,1201.41,3753.67
r11_01238_m14,16350.67,1.150,16920,69.5,4100.54,11.84,18883.46,1299.89,0.53,7,190,65.8,-1956.47,1324.85,4,0,0,4,0,0,16,13249,2441,1210,0,0,4006.56,2456.07,3399.23,2824.83,128.28,563.57,-980.50,959.31,2993.32
r11_01238_m15,14976.51,1.143,16305,69.1,4600.19,13.36,18831.47,1299.68,0.48,7,190,66.3,-1812.28,1282.47,3,0,4,4,0,0,14,12452,2617,1214,0,0,3557.09,1655.33,3741.57,2783.76,972.45,-479.72,-1386.46,1089.68,3042.80
r11_01238_m16,12096.57,1.125,14755,68.9,5126.63,15.85,18867.91,1299.68,0.47,7,190,63.2,-1785.88,1016.66,5,0,4,4,0,0,14,11115,2435,1183,0,0,3718.61,152.64,3119.14,2656.72,874.20,-731.34,-1144.22,353.55,3097.29
r11_01238_m17,15958.44,1.139,17774,69.2,5399.33,14.77,18679.03,1499.37,0.48,7,190,67.9,-2174.94,1540.32,3,0,4,4,0,0,21,13632,2897,1216,0,0,4287.30,2946.95,3268.43,3510.44,574.37,-3.38,-1798.65,340.47,2832.51
r11_01238_m18,16046.86,1.150,16744,68.8,5124.18,14.25,18953.50,1299.12,0.48,7,190,64.7,-1843.94,1274.94,3,0,0,4,0,0,21,12615,2897,1207,0,0,3340.17,1548.58,4878.79,3543.76,379.47,-288.07,-1310.48,627.00,3327.63
r11_01238_m19,14944.31,1.142,16305,69.1,4600.19,13.37,18831.47,1299.68,0.48,7,190,66.3,-1812.28,1282.47,3,0,4,4,0,0,14,12452,2617,1214,0,0,3557.09,1655.33,3709.37,2783.76,972.45,-479.72,-1386.46,1089.68,3042.80
r11_01238_m20,17026.90,1.151,16771,68.7,4328.21,12.33,18610.94,1299.77,0.60,8,190,67.9,-1913.65,1376.01,3,0,10,4,0,0,77,12889,2600,1191,0,0,3896.75,1708.57,3723.77,3100.86,1025.00,306.57,-1551.29,1243.14,3573.53
r11_01238_m21,14976.51,1.143,16305,69.1,4600.19,13.36,18831.47,1299.68,0.48,7,190,66.3,-1812.28,1282.47,3,0,4,4,0,0,14,12452,2617,1214,0,0,3557.09,1655.33,3741.57,2783.76,972.45,-479.72,-1386.46,1089.68,3042.80
r11_01238_m22,12096.57,1.125,14755,68.9,5126.63,15.85,18867.91,1299.68,0.47,7,190,63.2,-1785.88,1016.66,5,0,4,4,0,0,14,11115,2435,1183,0,0,3718.61,152.64,3119.14,2656.72,874.20,-731.34,-1144.22,353.55,3097.29
r11_01238_m23,16553.97,1.164,15878,69.2,3999.09,11.34,18989.79,1299.68,0.49,7,190,66.8,-1858.78,1150.41,4,0,0,4,0,0,8,12188,2490,1188,0,0,3369.71,1223.89,4124.92,3591.02,1149.89,-353.14,-1107.35,1392.46,3162.58
r11_01238_m24,402.54,1.007,10474,73.8,2221.12,10.14,19624.49,765.22,0.12,3,190,50.0,-672.36,463.18,7,0,0,0,0,0,0,9239,352,883,0,0,516.66,374.10,-472.54,929.99,-378.93,81.84,-532.63,-371.91,255.95
r11_01238_m25,12912.40,1.123,15964,69.0,5210.89,15.46,18382.02,1293.39,0.55,7,190,63.2,-1805.23,1288.43,4,0,4,4,0,0,15,12226,2493,1222,0,0,2863.10,725.57,4204.66,3164.14,781.14,-607.47,-1730.28,1041.30,2470.24
r11_01238_m26,16199.63,1.163,15497,69.4,4106.47,12.15,19036.23,1299.89,0.53,7,190,65.8,-1625.44,1145.28,4,0,0,4,0,0,8,12090,2222,1173,0,0,3777.59,1236.01,3722.11,2811.68,67.22,469.13,-393.98,1350.16,3159.72
r11_01238_m27,12741.58,1.120,16129,69.0,6988.04,20.24,19124.40,1294.87,0.55,7,190,63.7,-1695.17,1211.12,4,0,0,4,0,0,21,12288,2628,1188,0,0,3483.56,1960.17,2603.71,3424.33,1084.82,-1214.90,-2785.16,1175.92,3009.13
r11_01238_m28,15301.22,1.146,16335,69.1,4614.11,13.24,18837.88,1296.25,0.47,7,190,66.3,-1807.76,1281.09,3,0,4,4,0,0,14,12462,2636,1215,0,0,3710.34,1925.70,3749.47,2759.36,936.60,-409.76,-1374.25,1083.48,2920.26
r11_01238_m29,396.37,1.007,10474,73.8,2221.12,10.14,19624.49,765.22,0.12,3,190,50.0,-672.36,463.18,7,0,0,3,0,0,0,9239,349,883,0,0,516.66,374.10,-472.54,929.99,-378.93,81.84,-532.63,-371.91,249.79
r11_01238_m30,20597.19,1.157,17322,68.0,5355.72,13.77,18372.55,1299.82,0.64,7,190,66.8,-2245.02,1753.16,3,0,4,8,0,0,148,13872,2219,1071,0,0,5325.92,1886.45,5142.29,5464.67,-1285.06,-62.27,-553.69,1810.45,2868.41
r11_01238_m31,15219.91,1.145,16305,69.1,4600.19,13.32,18831.47,1299.68,0.48,7,190,66.3,-1812.28,1376.01,3,0,17,4,0,0,14,12439,2617,1214,0,0,3650.63,1652.90,3744.07,2783.76,972.45,-479.72,-1386.46,1089.68,3192.60
r11_01238_m32,14976.51,1.143,16305,69.1,4600.19,13.36,18831.47,1299.68,0.48,7,190,66.3,-1812.28,1282.47,3,0,4,4,0,0,14,12452,2617,1214,0,0,3557.09,1655.33,3741.57,2783.76,972.45,-479.72,-1386.46,1089.68,3042.80
r11_01238_m33,13673.65,1.128,16399,69.1,4395.52,13.35,18831.47,1099.60,0.47,7,190,66.3,-1714.14,1282.47,3,0,4,4,0,0,79,12505,2625,1182,0,0,3557.09,1655.33,2970.77,2639.46,585.79,-495.57,-1386.46,1089.68,3057.56
r11_01238_m34,14280.24,1.154,14384,69.1,4381.52,13.00,19026.31,1299.68,0.44,7,190,64.7,-1843.04,875.30,4,0,0,4,0,0,8,10853,2319,1200,0,0,3691.79,-35.71,3650.82,3328.31,1107.42,-501.68,-425.94,218.62,3246.60
r11_01238_m35,12601.02,1.124,16115,69.2,5146.63,15.78,18913.19,1299.53,0.44,7,190,64.2,-1641.79,1224.05,4,0,4,8,0,0,6,12035,2809,1253,0,0,3383.21,1298.23,2978.31,2324.05,874.72,-697.75,-1729.09,915.65,3253.70
r11_01238_m36,17603.25,1.166,16576,69.0,3823.92,10.71,19287.93,1099.81,0.50,7,190,67.4,-2118.40,1265.29,3,0,4,7,0,0,78,12678,2631,1178,0,0,4554.31,1531.62,5862.65,3003.44,-517.90,-90.52,-1255.09,1127.47,3387.26
r11_01238_m37,14976.51,1.143,16305,69.1,4600.19,13.36,18831.47,1299.68,0.48,7,190,66.3,-1812.28,1282.47,3,0,4,4,0,0,14,12452,2617,1214,0,0,3557.09,1655.33,3741.57,2783.76,972.45,-479.72,-1386.46,1089.68,3042.80
r11_01238_m38,14976.51,1.143,16305,69.1,4600.19,13.36,18831.47,1299.68,0.48,7,190,66.3,-1812.28,1282.47,3,0,4,4,0,0,14,12452,2617,1214,0,0,3557.09,1655.33,3741.57,2783.76,972.45,-479.72,-1386.46,1089.68,3042.80
r11_01238_m39,2192.62,1.026,13719,71.7,3649.73,15.37,19043.14,1122.27,0.21,4,190,52.6,-1145.95,861.29,6,0,4,8,0,0,0,12232,437,1038,0,0,753.64,1140.32,-638.24,1833.48,-507.10,-104.39,-845.90,-419.50,980.31
r11_00619,21483.41,1.116,23479,70.1,8499.83,32.30,17812.89,1699.94,0.50,18,192,73.4,-3977.51,2655.80,3,0,0,1133,0,0,806,14641,5063,1831,5,0,1988.92,1509.50,7935.55,4829.02,468.02,123.29,1163.71,525.85,2939.54
r11_00619_m00,21483.41,1.116,23479,70.1,8499.83,32.30,17812.89,1699.94,0.50,18,192,73.4,-3977.51,2655.80,3,0,0,1133,0,0,806,14641,5063,1831,5,0,1988.92,1509.50,7935.55,4829.02,468.02,123.29,1163.71,525.85,2939.54
r11_00619_m01,21483.41,1.116,23479,70.1,8499.83,32.30,17812.89,1699.94,0.50,18,192,73.4,-3977.51,2655.80,3,0,0,1133,0,0,806,14641,5063,1831,5,0,1988.92,1509.50,7935.55,4829.02,468.02,123.29,1163.71,525.85,2939.54
r11_00619_m02,21483.41,1.116,23479,70.1,8499.83,32.30,17812.89,1699.94,0.50,18,192,73.4,-3977.51,2655.80,3,0,0,1133,0,0,806,14641,5063,1831,5,0,1988.92,1509.50,7935.55,4829.02,468.02,123.29,1163.71,525.85,2939.54
r11_00619_m03,25825.00,1.131,25279,70.3,9582.62,35.59,17344.59,1699.94,0.50,18,192,74.0,-3977.51,2844.00,4,0,0,1200,0,0,843,15916,5488,1827,5,0,1520.62,3424.10,9637.29,5018.91,-195.15,-664.07,1334.51,1737.32,4011.47
r11_00619_m04,18186.57,1.098,23373,70.3,8575.10,32.59,17739.01,1699.46,0.49,15,192,72.4,-4026.99,2520.12,3,0,0,1124,0,0,752,14549,5076,1867,5,0,1964.52,-831.98,7919.96,4163.58,825.85,28.50,1003.07,531.72,2581.36
r11_00619_m05,17944.65,1.094,24206,70.0,8537.33,32.81,17480.24,1699.96,0.49,15,192,72.4,-3905.68,3309.25,4,0,0,1146,0,0,771,14970,5419,1896,4,0,1613.99,585.81,7786.63,3921.77,542.00,252.83,1258.96,686.42,1296.24
r11_00619_m06,21763.21,1.118,23478,70.1,8499.83,32.30,17812.89,1699.94,0.50,18,192,73.4,-3977.51,2655.80,3,0,20,1130,0,0,806,14621,5065,1831,5,0,1988.92,1789.30,7935.55,4829.02,468.02,123.29,1163.71,525.85,2939.54
r11_00619_m07,21222.16,1.116,23076,70.3,7344.27,27.82,18522.41,1699.87,0.50,18,192,72.9,-3968.99,2567.09,3,0,20,1108,0,0,795,14451,4873,1826,3,0,1827.19,5197.07,6607.09,4641.80,382.81,-359.98,1275.37,433.75,1217.08
r11_00619_m08,21483.41,1.116,23479,70.1,8499.83,32.30,17812.89,1699.94,0.50,18,192,73.4,-3977.51,2655.80,3,0,0,1133,0,0,806,14641,5063,1831,5,0,1988.92,1509.50,7935.55,4829.02,468.02,123.29,1163.71,525.85,2939.54
r11_00619_m09,-3896.23,0.917,8826,73.9,7533.14,34.28,14444.35,1699.17,0.39,14,179,65.4,-1707.37,430.37,3,0,0,93,0,0,62,6775,996,900,0,0,1096.07,-1132.02,-357.58,918.20,710.43,-690.16,-919.39,-3257.27,-264.52
r11_00619_m10,20034.54,1.109,23395,70.1,8724.38,33.10,17635.11,1699.97,0.50,17,192,72.4,-4140.55,3301.34,3,0,0,1129,0,0,783,14579,5051,1848,5,0,1974.19,1592.80,8033.01,3542.86,418.44,109.46,1100.03,398.05,2865.71
r11_00619_m11,21481.57,1.116,23479,70.1,8501.67,32.31,17811.05,1699.94,0.50,18,192,73.4,-3979.35,2655.80,3,0,0,1133,0,0,806,14641,5063,1831,5,0,1988.92,1507.66,7935.55,4829.02,468.02,123.29,1163.71,525.85,2939.54
r11_00619_m12,21445.38,1.116,23493,70.1,8499.83,32.30,17812.89,1699.94,0.50,18,192,73.4,-3977.51,2522.28,3,0,39,1137,0,0,806,14635,5040,1831,5,0,1988.92,1375.98,7935.55,4924.52,468.02,123.29,1163.71,525.85,2939.54
r11_00619_m13,31727.06,1.175,23770,70.2,6576.84,24.90,18350.58,1699.69,0.50,18,192,73.4,-3863.89,3412.40,3,0,0,1135,0,0,744,14827,5222,1840,2,0,2071.13,8963.01,9934.21,4548.33,430.53,711.79,1306.90,779.64,2981.52
r11_00619_m14,24705.20,1.134,23520,70.1,6811.22,25.99,18402.16,1699.97,0.50,18,192,72.4,-3827.35,2592.02,3,0,0,1117,0,0,794,14630,5111,1866,2,0,1862.29,5710.68,7805.44,4849.10,852.44,430.02,1207.92,475.55,1511.78
r11_00619_m15,19524.02,1.104,23722,70.2,8273.77,32.84,16923.39,1699.95,0.50,18,192,74.0,-3792.29,3268.16,3,0,36,2194,0,0,791,13740,5078,1878,5,0,810.62,1645.44,9749.31,5077.99,-610.88,34.08,1039.81,735.45,1042.20
r11_00619_m16,14243.75,1.078,23247,70.5,8639.01,32.87,17643.90,1699.61,0.48,12,192,70.3,-3963.58,3308.07,3,0,0,1028,0,0,567,14425,5288,1932,7,0,1833.64,191.45,5646.93,5209.91,-468.33,236.91,286.07,-610.46,1917.62
r11_00619_m17,22323.36,1.120,23837,70.2,8777.15,33.37,17528.67,1699.97,0.50,18,192,72.4,-4061.65,3474.73,3,0,0,1140,0,0,787,14710,5320,1875,5,0,1816.49,2071.88,10647.44,1993.40,476.17,392.43,868.30,505.74,3551.51
r11_00619_m18,19382.40,1.103,23729,70.2,8844.53,35.05,16391.83,1699.92,0.50,18,192,74.0,-4054.43,2583.13,3,0,19,2144,0,0,813,13820,5079,1849,5,0,570.86,1047.09,9708.12,5325.48,-357.02,-80.49,1078.88,863.16,1226.33
r11_00619_m19,20759.98,1.083,24428,70.3,13301.48,52.90,11841.94,1699.93,0.49,10,192,68.2,-4840.44,5028.99,4,0,216,1543,0,0,869,17249,3208,1337,6,0,-6423.19,3080.95,16060.79,6391.83,-831.16,3355.27,-128.79,-249.80,-495.93
r11_00619_m20,21483.41,1.116,23479,70.1,8499.83,32.30,17812.89,1699.94,0.50,18,192,73.4,-3977.51,2655.80,3,0,0,1133,0,0,806,14641,5063,1831,5,0,1988.92,1509.50,7935.55,4829.02,468.02,123.29,1163.71,525.85,2939.54
r11_00619_m21,22927.89,1.126,23392,70.2,8519.57,32.38,17789.90,1699.70,0.50,18,192,71.4,-3965.89,3275.32,3,0,0,1127,0,0,763,14506,5125,1867,4,0,1955.67,1723.39,10795.41,4746.70,1190.03,228.47,1149.47,-1385.89,2524.64
r11_00619_m22,24981.79,1.136,23679,70.2,6780.65,25.58,18458.78,1699.98,0.50,18,192,73.4,-3812.13,2667.26,3,0,0,1131,0,0,790,14758,5147,1850,3,0,2191.49,5636.73,7668.67,4537.75,475.62,177.61,1055.31,314.99,2923.62
r11_00619_m23,22175.26,1.122,23341,70.2,8863.20,33.57,17539.95,1699.97,0.50,17,192,72.4,-4097.08,3263.82,3,0,0,1116,0,0,742,14532,5075,1871,5,0,1835.55,1513.18,10109.61,3572.86,960.48,82.29,1085.64,-95.00,3110.66
r11_00619_m24,19868.59,1.108,23403,70.1,8607.88,32.67,17742.75,1699.90,0.50,18,192,72.4,-3962.14,2689.04,3,0,0,1125,0,0,806,14555,5073,1840,4,0,1904.38,1267.93,8049.53,3694.68,208.99,220.44,1217.35,527.71,2777.58
r11_00619_m25,-6582.74,0.968,29702,68.7,10015.86,46.67,11443.31,1699.94,0.50,17,192,42.7,-3780.85,1563.07,19,0,0,1540,0,0,79,23776,3316,983,8,0,-2063.06,-2843.96,-325.71,1125.43,-388.19,-327.84,-660.59,-751.44,-347.39
r11_00619_m26,18941.46,1.103,23219,70.2,8648.58,33.27,17345.21,1699.93,0.50,18,192,72.9,-3995.17,2633.09,3,0,20,1105,0,0,808,14512,4931,1838,5,0,1540.75,1604.34,7625.42,4527.74,611.80,-68.72,1175.30,521.53,1403.30
r11_00619_m27,25413.45,1.137,23523,70.2,8731.68,32.99,17735.02,1899.91,0.50,18,192,74.5,-4525.73,3305.57,3,0,20,1132,0,0,681,14654,5146,1887,3,0,1119.69,6273.21,7019.55,6288.69,317.31,-538.20,937.74,1257.48,2737.97
r11_00619_m28,16296.75,1.077,23869,70.1,9938.36,37.67,16445.88,1699.31,0.52,14,192,69.8,-3762.34,2994.24,4,0,66,1247,0,0,572,16004,4407,1568,5,0,2226.40,-4006.35,11501.14,3618.94,958.28,-1847.26,2208.16,12.76,1624.66
r11_00619_m29,19898.75,1.121,21168,70.1,8105.28,30.77,18232.77,1699.94,0.50,18,190,68.4,-3977.51,3941.75,8,0,20,1028,0,0,618,13116,4521,1860,5,0,2408.81,2995.37,6987.56,4172.53,1417.13,-713.34,-241.20,842.34,2029.53
r11_00619_m30,21483.41,1.116,23479,70.1,8499.83,32.30,17812.89,1699.94,0.50,18,192,73.4,-3977.51,2655.80,3,0,0,1133,0,0,806,14641,5063,1831,5,0,1988.92,1509.50,7935.55,4829.02,468.02,123.29,1163.71,525.85,2939.54
r11_00619_m31,19492.25,1.078,24406,70.3,12832.01,50.54,12556.32,1699.93,0.49,10,192,68.2,-4849.07,4404.37,4,0,190,1492,0,0,870,17264,3243,1339,8,0,-5759.41,2423.86,15389.67,6630.20,-743.48,2909.00,-601.08,-370.65,-385.87
r11_00619_m32,21483.41,1.116,23479,70.1,8499.83,32.30,17812.89,1699.94,0.50,18,192,73.4,-3977.51,2655.80,3,0,0,1133,0,0,806,14641,5063,1831,5,0,1988.92,1509.50,7935.55,4829.02,468.02,123.29,1163.71,525.85,2939.54
r11_00619_m33,9946.08,1.070,18788,72.6,7276.79,21.80,19124.97,1699.75,0.20,9,192,63.5,-1705.08,1500.05,5,0,10,911,0,0,268,12310,3730,1559,0,0,5715.99,1797.97,1487.24,2681.95,115.70,-1094.13,-928.47,-2123.70,2293.53
r11_00619_m34,22927.89,1.126,23392,70.2,8519.57,32.38,17789.90,1699.70,0.50,18,192,71.4,-3965.89,3275.32,3,0,0,1127,0,0,763,14506,5125,1867,4,0,1955.67,1723.39,10795.41,4746.70,1190.03,228.47,1149.47,-1385.89,2524.64
r11_00619_m35,22537.13,1.122,23594,70.1,8456.67,32.15,17848.12,1699.58,0.66,19,192,73.4,-3934.36,2657.49,3,0,0,1128,0,0,831,14655,5138,1837,5,0,1980.99,2097.32,7930.23,4967.10,452.41,110.88,1311.46,512.41,3174.32
r11_00619_m36,21483.41,1.116,23479,70.1,8499.83,32.30,17812.89,1699.94,0.50,18,192,73.4,-3977.51,2655.80,3,0,0,1133,0,0,806,14641,5063,1831,5,0,1988.92,1509.50,7935.55,4829.02,468.02,123.29,1163.71,525.85,2939.54
r11_00619_m37,7290.57,1.042,21409,71.0,10778.43,40.51,15830.99,1699.71,0.30,12,192,67.7,-4932.44,2770.43,3,0,0,1002,0,0,532,13621,4475,1771,8,0,2113.22,-1427.75,2809.43,4581.05,-987.73,-86.45,619.19,-2134.47,1804.09
r11_00619_m38,24872.54,1.129,24955,70.6,6950.25,26.58,18326.04,1699.65,0.50,18,192,73.4,-3727.85,2642.74,3,0,59,5990,0,0,820,11146,5027,1910,3,0,1461.54,3863.02,10459.63,4891.58,171.05,759.19,1108.74,718.19,1439.60
r11_00619_m39,19418.81,1.104,23492,70.1,9563.72,38.27,15427.60,1699.94,0.50,18,192,72.9,-3966.80,2655.80,3,0,20,1140,0,0,822,14630,5044,1831,5,0,-407.07,1800.01,7972.62,4829.02,468.02,123.29,1163.71,525.85,2943.35
r11_00071,23117.03,1.117,24665,69.0,9650.11,37.41,16147.18,2091.52,0.66,23,192,72.4,-3558.82,3759.99,5,0,0,173,0,684,0,15573,6084,2145,6,0,-854.22,10708.35,3390.83,3526.81,-132.59,120.94,1146.84,939.09,4270.97
r11_00071_m00,6701.57,1.033,29962,67.5,4346.92,14.52,16811.90,2064.93,0.58,22,192,50.0,-1403.37,1529.76,7,0,0,177,0,16,0,24138,4596,1035,0,0,118.15,4776.74,3511.81,1513.11,-1162.12,-1107.07,-1053.09,-500.34,604.39
r11_00071_m01,53905.36,1.152,28187,68.0,18511.06,23.09,16569.20,2092.78,1.38,14,192,67.7,-3751.55,6558.42,3,0,95,381,0,1139,0,21953,3516,1089,14,0,14492.07,4058.29,29454.73,12029.88,-11362.21,1321.22,-847.39,1265.89,3492.87
r11_00071_m02,28292.03,1.108,26690,68.1,10817.91,30.38,17468.39,2094.24,1.15,21,192,74.5,-3546.11,5222.34,3,0,86,219,0,1102,0,18645,5119,1515,4,0,9618.38,1626.82,9172.15,6383.16,-3730.76,494.26,1246.53,60.39,3421.10
r11_00071_m03,23117.03,1.117,24665,69.0,9650.11,37.41,16147.18,2091.52,0.66,23,192,72.4,-3558.82,3759.99,5,0,0,173,0,684,0,15573,6084,2145,6,0,-854.22,10708.35,3390.83,3526.81,-132.59,120.94,1146.84,939.09,4270.97
r11_00071_m04,18483.85,1.093,24507,69.0,9416.00,36.69,16247.02,2094.25,0.64,23,192,70.8,-3512.81,3564.32,5,0,0,178,0,684,0,15476,6042,2121,6,0,-828.54,7928.43,3108.57,2449.92,-363.55,-147.97,845.65,1082.90,4408.45
r11_00071_m05,23117.03,1.117,24665,69.0,9650.11,37.41,16147.18,2091.52,0.66,23,192,72.4,-3558.82,3759.99,5,0,0,173,0,684,0,15573,6084,2145,6,0,-854.22,10708.35,3390.83,3526.81,-132.59,120.94,1146.84,939.09,4270.97
r11_00071_m06,17746.31,1.089,24464,69.2,9430.69,37.09,15994.47,2097.59,0.70,24,192,72.9,-3371.79,3825.98,4,0,0,167,0,816,0,15659,5807,2009,6,0,-975.69,8633.65,1249.23,3671.63,-1008.12,980.81,1350.13,758.55,3086.12
r11_00071_m07,10037.26,1.050,27204,68.4,8902.17,38.12,14451.78,2132.14,0.66,22,192,52.1,-2510.18,3162.30,4,0,0,190,0,178,0,19252,6134,1450,0,0,-2694.24,10193.64,4310.33,2111.72,-1272.40,-1399.65,-1234.88,7.91,14.82
r11_00071_m08,22697.61,1.108,24879,69.0,10701.56,42.04,14752.45,2291.95,0.79,22,192,76.0,-4370.60,3670.27,4,0,0,184,0,695,0,16420,5693,1879,8,0,-1915.34,12124.89,765.37,5217.74,-1098.60,765.00,1617.60,1409.53,3811.41
r11_00071_m09,49667.20,1.139,28227,67.9,21008.83,26.47,16636.77,2092.30,1.28,15,192,67.2,-3763.42,6733.33,4,0,95,371,0,1178,0,21986,3494,1089,14,0,14670.22,6743.08,25561.65,12277.10,-11254.44,-1291.44,-856.79,-2.48,3820.30
r11_00071_m10,18792.36,1.095,24362,69.0,12035.35,46.85,13653.69,2093.01,0.64,22,192,71.9,-4341.56,3941.00,5,0,0,176,0,666,0,15331,6069,2111,9,0,-3585.08,10831.82,2212.67,4707.33,-652.44,-109.70,503.03,705.89,4178.84
r11_00071_m11,12576.88,1.070,22922,69.3,8014.06,28.95,18282.27,2086.76,0.58,22,192,72.9,-3617.40,1093.04,5,0,0,186,0,557,0,14765,5327,1952,135,0,3151.98,49.08,180.35,3454.35,-332.96,720.10,1153.27,223.40,3977.32
r11_00071_m12,23117.03,1.117,24665,69.0,9650.11,37.41,16147.18,2091.52,0.66,23,192,72.4,-3558.82,3759.99,5,0,0,173,0,684,0,15573,6084,2145,6,0,-854.22,10708.35,3390.83,3526.81,-132.59,120.94,1146.84,939.09,4270.97
r11_00071_m13,16925.28,1.084,24767,68.8,9676.27,36.74,16661.04,2093.76,0.64,25,192,69.8,-4067.34,3663.32,4,0,0,167,0,757,0,15650,6115,2071,7,0,-273.15,6705.48,2681.61,2809.38,9.82,1096.98,522.72,325.00,3047.43
r11_00071_m14,19439.79,1.098,24650,69.0,9672.92,37.38,16203.91,2091.87,0.64,24,192,72.4,-3868.71,3518.14,4,0,0,168,0,741,0,15675,5964,2096,6,0,-835.39,5393.20,3355.76,6350.56,-237.41,1094.70,621.54,777.20,2919.63
r11_00071_m15,16925.28,1.084,24767,68.8,9676.27,36.74,16661.04,2093.76,0.64,25,192,69.8,-4067.34,3663.32,4,0,0,167,0,757,0,15650,6115,2071,7,0,-273.15,6705.48,2681.61,2809.38,9.82,1096.98,522.72,325.00,3047.43
r11_00071_m16,27382.21,1.140,25515,69.6,7241.63,26.37,18275.73,2091.91,0.64,23,192,72.9,-3728.46,3495.25,4,0,0,187,0,669,0,16405,6096,2156,2,0,3163.39,7677.69,3626.90,5161.71,-293.71,1065.39,1373.57,977.26,4630.03
r11_00071_m17,17584.37,1.087,24658,69.1,11155.23,43.44,14527.00,2192.69,0.64,24,192,71.4,-4265.37,3784.17,4,0,0,167,0,692,0,15606,5988,2197,8,0,-2334.69,8182.89,1900.99,6669.78,60.43,-2130.73,1790.23,53.71,3391.76
r11_00071_m18,21797.31,1.115,25497,68.9,9790.98,40.23,14549.48,2053.79,0.66,22,192,59.9,-3507.14,3759.99,5,0,0,137,0,219,0,16843,6496,1800,2,0,-2451.92,10990.71,8863.60,4136.90,-950.68,218.29,-853.58,1053.21,790.79
r11_00071_m19,28037.51,1.142,25705,69.6,7321.91,26.31,18267.50,2096.39,0.66,24,192,74.0,-3733.49,3546.61,4,0,0,183,0,732,0,16507,6165,2116,2,0,3489.95,9632.78,3823.18,5179.58,-1299.37,1077.84,1430.61,938.05,3764.87
r11_00071_m20,6254.91,1.034,19098,68.6,12938.35,40.55,16891.92,2098.75,1.21,14,190,70.0,-3147.43,1745.36,3,0,0,102,0,441,0,15800,1634,1121,0,0,7662.36,-1984.74,103.93,4758.21,-6740.47,-1947.47,1997.29,1159.60,1246.21
r11_00071_m21,23117.03,1.117,24665,69.0,9650.11,37.41,16147.18,2091.52,0.66,23,192,72.4,-3558.82,3759.99,5,0,0,173,0,684,0,15573,6084,2145,6,0,-854.22,10708.35,3390.83,3526.81,-132.59,120.94,1146.84,939.09,4270.97
r11_00071_m22,18258.37,1.095,23955,69.3,9875.51,37.84,16223.61,2084.17,0.54,15,192,70.3,-3593.91,3387.55,6,0,0,166,0,505,0,15216,5925,2135,8,0,-878.87,5937.58,2322.18,4622.39,151.75,-312.62,1885.29,931.32,3599.35
r11_00071_m23,14426.50,1.082,21848,70.0,9505.14,27.91,18358.94,2099.64,0.32,15,192,67.2,-3845.65,2952.79,5,0,0,129,0,451,0,14223,5153,1889,3,0,4153.60,5022.28,-1610.69,5032.85,-686.05,-166.14,1667.24,-2122.25,3135.66
r11_00071_m24,4847.99,1.038,17999,70.7,5683.54,19.52,19354.22,2078.00,0.24,6,192,54.7,-1268.40,1164.30,6,0,0,92,0,48,0,12029,4139,1691,0,0,2358.96,372.87,4107.32,1592.94,-991.03,-935.12,-1079.14,-780.82,202.00
r11_00071_m25,23720.19,1.110,26442,69.2,8941.33,34.67,16848.05,2293.40,0.66,24,192,69.3,-3574.37,4403.31,5,0,0,171,0,701,0,16799,6638,2131,2,0,247.07,13822.79,1236.43,5516.00,-680.85,793.58,-1699.08,-465.47,4949.73
r11_00071_m26,27458.46,1.144,24328,69.1,7946.59,29.75,18061.02,2091.84,0.66,23,192,71.9,-3551.44,3552.34,5,0,0,119,0,650,0,15335,6103,2119,2,0,1820.78,10444.99,4463.46,3977.79,-376.48,979.88,661.71,833.86,4652.49
r11_00071_m27,-176.23,0.998,10935,76.0,3126.39,13.79,19542.16,1808.01,0.12,3,192,48.4,-336.30,557.95,11,0,0,58,0,3,0,9453,381,1040,0,0,1232.53,-122.90,677.60,592.32,-405.83,-324.62,-937.30,-730.49,-157.55
r11_00071_m28,16215.12,1.080,24612,68.9,9454.04,36.20,16662.85,2088.76,0.62,23,192,70.8,-3763.51,3436.12,4,0,0,178,0,740,0,15461,6150,2076,7,0,-399.76,5958.55,2782.39,2724.82,196.73,593.17,535.25,599.42,3224.54
r11_00071_m29,33131.90,1.166,26478,69.3,9185.58,34.44,17482.26,2097.72,0.66,24,192,72.9,-3377.80,4013.96,5,0,0,153,0,720,0,16981,6500,2119,5,0,-412.36,14589.20,9528.13,4185.20,-661.45,-1328.49,1542.69,1336.69,4352.28
r11_00071_m30,21599.62,1.101,26082,68.5,10603.83,39.95,15936.34,2088.96,0.70,26,192,74.0,-3818.51,4039.91,3,0,0,173,0,874,0,16491,6379,2161,4,0,-1200.06,9124.53,1976.05,4357.74,-351.57,281.03,2150.02,610.36,4651.52
r11_00071_m31,23117.03,1.117,24665,69.0,9650.11,37.41,16147.18,2091.52,0.66,23,192,72.4,-3558.82,3759.99,5,0,0,173,0,684,0,15573,6084,2145,6,0,-854.22,10708.35,3390.83,3526.81,-132.59,120.94,1146.84,939.09,4270.97
r11_00071_m32,28077.20,1.140,25480,69.0,8126.54,30.98,18102.75,2091.68,0.66,24,192,72.9,-3539.64,3916.92,5,0,0,160,0,750,0,15905,6473,2190,2,0,1121.54,12602.41,3666.60,5708.03,-1118.02,231.79,1161.10,986.31,3717.44
r11_00071_m33,42.52,1.000,16498,71.4,5235.32,21.57,19032.25,2084.17,0.20,5,192,49.5,-1009.00,1020.57,6,0,0,69,0,25,0,11351,3518,1535,0,0,931.05,827.69,672.93,1250.75,-817.39,-602.80,-1363.39,-766.48,-89.83
r11_00071_m34,23117.03,1.117,24665,69.0,9650.11,37.41,16147.18,2091.52,0.66,23,192,72.4,-3558.82,3759.99,5,0,0,173,0,684,0,15573,6084,2145,6,0,-854.22,10708.35,3390.83,3526.81,-132.59,120.94,1146.84,939.09,4270.97
r11_00071_m35,16933.29,1.086,24336,69.1,10049.38,39.10,15651.00,2093.09,0.64,22,192,69.8,-3657.29,3638.76,6,0,0,167,0,661,0,15358,6033,2112,5,0,-1290.49,7661.61,2849.83,2437.65,-223.46,-183.14,445.32,840.66,4395.31
r11_00071_m36,27382.21,1.140,25515,69.6,7241.63,26.37,18275.73,2091.91,0.64,23,192,72.9,-3728.46,3495.25,4,0,0,187,0,669,0,16405,6096,2156,2,0,3163.39,7677.69,3626.90,5161.71,-293.71,1065.39,1373.57,977.26,4630.03
r11_00071_m37,18578.01,1.090,25221,68.9,9383.09,35.89,16757.99,2094.33,0.70,26,192,72.4,-3565.51,3765.60,4,0,0,173,0,879,0,16121,5985,2058,5,0,-321.67,7299.73,3329.55,3502.49,-1212.53,1021.08,1253.12,381.21,3325.03
r11_00071_m38,23117.03,1.117,24665,69.0,9650.11,37.41,16147.18,2091.52,0.66,23,192,72.4,-3558.82,3759.99,5,0,0,173,0,684,0,15573,6084,2145,6,0,-854.22,10708.35,3390.83,3526.81,-132.59,120.94,1146.84,939.09,4270.97
r11_00071_m39,25593.18,1.131,24718,69.1,7478.51,28.09,18254.11,2091.52,0.66,23,192,72.4,-3828.29,3662.89,5,0,0,263,0,670,0,15526,6099,2158,2,0,2037.96,10589.89,3304.36,3451.72,-147.87,130.30,1108.68,900.46,4217.68
r11_01158,46447.52,1.108,40081,68.4,11212.98,21.28,19282.17,1292.65,1.21,8,190,61.1,-2490.31,5216.42,5,0,0,20,0,752,0,35202,3203,874,30,0,8927.60,16937.16,7664.90,4587.86,3268.18,-3198.82,2467.10,6407.11,-613.57
r11_01158_m00,45928.80,1.110,39501,68.5,11159.41,20.07,19282.17,1292.65,1.21,8,190,61.6,-3965.11,4184.12,5,0,0,18,0,712,0,34770,3110,849,42,0,11074.20,17367.31,6283.47,6446.46,2063.01,-5763.25,2433.00,6706.14,-681.54
r11_01158_m01,51851.71,1.122,39637,68.5,9797.28,16.86,19282.17,1391.94,1.21,8,190,63.7,-3141.54,4909.95,5,0,0,18,0,666,0,34872,3191,854,36,0,12277.13,19750.83,7749.77,3989.56,3644.24,-3608.87,2433.00,6502.08,-886.03
r11_01158_m02,51835.67,1.126,37885,68.3,10977.04,18.86,19295.56,1292.65,1.21,8,190,63.2,-2494.86,4713.41,5,0,0,20,0,714,0,33148,3103,874,26,0,13112.34,17782.32,7265.97,4930.36,4697.56,-3754.27,2257.17,6397.56,-853.34
r11_01158_m03,25891.42,1.071,34953,68.5,12900.72,28.34,19083.13,1292.65,1.21,8,190,62.1,-2501.86,5216.42,5,0,0,13,0,640,0,30838,2575,864,23,0,6958.68,15006.57,2528.13,-978.35,902.83,-2775.76,32.52,5242.47,-1025.67
r11_01158_m04,54769.24,1.118,39220,68.8,12358.60,23.33,18094.07,1298.13,1.20,8,190,63.2,-3592.96,3997.14,4,0,0,50,0,1259,0,33651,3321,892,47,0,13801.74,11775.15,10869.34,11767.43,2681.77,-851.36,1009.92,9290.18,-5574.93
r11_01158_m05,47226.98,1.112,40241,68.4,9342.50,17.32,19282.17,1096.06,1.18,8,190,61.1,-3179.01,4614.04,5,0,0,18,0,904,0,35233,3204,852,30,0,11267.32,15995.96,7744.90,6169.01,1561.03,-5037.50,2467.10,7141.18,-82.02
r11_01158_m06,10640.31,1.041,37667,69.1,5093.13,17.78,17735.20,1387.70,0.84,16,190,58.4,-2876.14,2038.05,6,0,0,0,0,437,0,30485,5688,1057,0,0,1683.18,6158.77,-445.10,-582.27,1327.06,-280.00,1063.63,1011.82,703.20
r11_01158_m07,24815.47,1.079,37726,68.8,11065.66,30.42,19430.50,1291.85,1.20,11,190,57.9,-3148.70,3943.55,6,0,0,10,0,523,0,32534,3723,897,39,0,302.48,14685.33,966.10,6399.48,3838.23,-2756.36,1405.82,766.54,-792.13
r11_01158_m08,45092.24,1.109,39528,68.6,10953.84,21.25,19165.63,1296.05,1.21,8,190,63.7,-3849.81,4576.31,5,0,0,19,0,713,0,34901,2981,871,43,0,10932.38,14998.07,7106.66,4129.28,4804.07,-2994.26,2274.31,4335.12,-493.41
r11_01158_m09,47573.23,1.112,39868,68.5,12395.28,22.69,19282.17,1292.65,1.21,8,190,62.6,-2983.12,5210.74,5,0,0,22,0,706,0,35041,3191,867,41,0,10868.62,18534.91,3493.73,4644.75,5234.50,-3528.93,2415.52,6220.53,-310.40
r11_01158_m10,46027.14,1.116,38603,68.8,9678.56,19.54,19274.61,1291.57,1.21,8,190,62.6,-3927.28,5642.82,4,0,0,18,0,621,0,34225,2877,844,18,0,9099.70,15327.77,8909.04,3313.64,4771.73,-1088.09,2286.07,5850.76,-2443.46
r11_01158_m11,46353.23,1.108,40081,68.4,11212.98,21.39,19282.17,1292.65,1.21,8,190,61.6,-2490.31,5216.42,5,0,0,23,0,752,0,35199,3203,874,30,0,8927.60,16751.10,7583.84,4587.86,3268.18,-3198.82,2467.10,6493.78,-527.40
r11_01158_m12,8961.36,1.037,31815,70.8,2779.03,9.91,19749.29,1072.19,0.24,3,190,54.7,-1118.48,1213.40,6,0,0,6,0,0,0,30205,784,820,0,0,3643.05,3660.01,-311.83,273.52,389.72,41.95,514.59,1040.84,-290.48
r11_01158_m13,46878.94,1.109,40084,68.4,11212.98,21.11,19282.17,1292.65,1.21,8,190,61.1,-2490.31,5216.42,5,0,0,20,0,752,0,35202,3209,874,27,0,9359.01,16937.16,7664.90,4587.86,3268.18,-3198.82,2467.10,6407.11,-613.57
r11_01158_m14,20576.29,1.067,38697,68.9,12444.89,29.50,19616.40,1299.82,1.19,14,190,61.1,-6547.94,3747.19,6,0,0,6,0,645,0,32149,4909,973,15,0,6965.49,14754.86,-6053.14,2267.61,3418.12,-2958.96,1600.25,491.47,90.58
r11_01158_m15,46447.52,1.108,40081,68.4,11212.98,21.28,19282.17,1292.65,1.21,8,190,61.1,-2490.31,5216.42,5,0,0,20,0,752,0,35202,3203,874,30,0,8927.60,16937.16,7664.90,4587.86,3268.18,-3198.82,2467.10,6407.11,-613.57
r11_01158_m16,12667.75,1.037,33721,68.5,14555.90,43.47,18599.28,1293.92,1.21,8,190,54.2,-2235.72,5232.19,6,0,0,16,0,467,0,30074,2348,642,174,0,6214.67,3477.96,387.67,-2316.56,3345.95,-1012.99,624.51,4166.61,-2220.09
r11_01158_m17,50963.43,1.140,37292,69.1,7591.74,15.28,19496.09,1291.57,1.21,8,190,67.4,-3442.08,5637.67,4,0,0,17,0,507,0,33290,2594,856,28,0,8989.65,17856.81,10425.45,5797.81,4147.16,-1507.54,1970.53,5384.29,-2100.74
r11_01158_m18,52350.38,1.124,39822,68.5,10454.64,18.20,19282.17,1297.06,1.21,8,190,63.2,-4219.52,4018.33,5,0,0,22,0,699,0,35018,3185,860,38,0,9634.53,19067.33,11911.25,5866.27,3222.04,-5108.58,2418.12,6047.46,-708.04
r11_01158_m19,25891.42,1.071,34953,68.5,12900.72,28.34,19083.13,1292.65,1.21,8,190,62.1,-2501.86,5216.42,5,0,0,13,0,640,0,30838,2575,864,23,0,6958.68,15006.57,2528.13,-978.35,902.83,-2775.76,32.52,5242.47,-1025.67
r11_01158_m20,46447.52,1.108,40081,68.4,11212.98,21.28,19282.17,1292.65,1.21,8,190,61.1,-2490.31,5216.42,5,0,0,20,0,752,0,35202,3203,874,30,0,8927.60,16937.16,7664.90,4587.86,3268.18,-3198.82,2467.10,6407.11,-613.57
r11_01158_m21,45924.95,1.112,39549,68.5,10808.30,21.61,19123.82,1293.92,1.21,8,190,58.9,-4014.03,5232.19,6,0,0,23,0,664,0,34892,3072,868,30,0,9779.81,14334.74,12337.70,3939.74,3917.31,-1981.71,378.61,4628.23,-1409.48
r11_01158_m22,51071.53,1.118,40060,68.3,11008.57,21.42,19079.35,1392.90,1.21,8,190,66.3,-3028.49,3769.97,4,0,0,20,0,671,0,35262,3199,877,31,0,8933.33,18418.79,9050.22,2844.73,4632.71,-123.44,2697.62,5393.51,-775.94
r11_01158_m23,26747.63,1.075,34811,68.6,12900.72,27.82,19083.13,1292.65,1.21,8,190,62.1,-2501.86,5216.42,5,0,0,13,0,609,0,30758,2542,857,32,0,6958.68,15862.78,2528.13,-978.35,902.83,-2775.76,32.52,5242.47,-1025.67
r11_01158_m24,38039.87,1.091,39558,68.5,9773.11,16.37,19407.40,1292.47,1.21,8,190,59.5,-4214.01,5206.21,5,0,0,17,0,686,0,34872,3092,862,29,0,8981.65,13423.50,5871.39,4751.06,4503.29,-4442.93,1150.83,5913.00,-2111.91
r11_01158_m25,51135.44,1.112,42665,68.6,10644.52,18.18,19116.23,1292.65,1.21,8,190,59.5,-2449.97,5795.78,5,0,0,20,0,833,0,37612,3307,868,25,0,11510.24,18381.16,9554.22,5620.97,4343.65,-4872.60,2580.66,5385.89,-1368.75
r11_01158_m26,52305.41,1.127,39511,68.6,11222.94,19.95,19282.17,1292.65,1.21,8,190,62.6,-2983.12,5210.74,5,0,0,22,0,648,0,34803,3142,852,44,0,10868.62,20169.09,6591.73,4644.75,5234.50,-3528.93,2415.52,6220.53,-310.40
r11_01158_m27,46447.52,1.108,40081,68.4,11212.98,21.28,19282.17,1292.65,1.21,8,190,61.1,-2490.31,5216.42,5,0,0,20,0,752,0,35202,3203,874,30,0,8927.60,16937.16,7664.90,4587.86,3268.18,-3198.82,2467.10,6407.11,-613.57
r11_01158_m28,16923.83,1.072,37686,69.2,4909.25,14.68,19436.16,1289.27,0.56,18,190,57.4,-1157.38,2184.73,6,0,0,0,0,316,0,29759,6511,1100,0,0,2510.74,10408.69,1037.42,406.90,1312.06,-715.85,969.93,446.11,547.83
r11_01158_m29,45846.02,1.130,37448,69.2,7657.56,11.88,19355.10,1274.92,0.52,6,190,62.1,-2290.05,3637.78,5,0,0,23,0,140,0,33375,3005,880,25,0,10002.45,17291.38,8880.49,3223.56,4002.57,-4159.13,1768.87,5811.59,-975.76
r11_01158_m30,46447.52,1.108,40081,68.4,11212.98,21.28,19282.17,1292.65,1.21,8,190,61.1,-2490.31,5216.42,5,0,0,20,0,752,0,35202,3203,874,30,0,8927.60,16937.16,7664.90,4587.86,3268.18,-3198.82,2467.10,6407.11,-613.57
r11_01158_m31,44132.00,1.108,39528,68.5,9633.68,15.19,19282.17,1192.08,1.21,8,190,61.1,-2714.82,3689.21,5,0,0,20,0,686,0,34838,3093,841,50,0,9079.97,16730.38,5374.82,5768.85,4590.64,-4648.93,2219.17,6671.48,-1654.39
r11_01158_m32,48667.53,1.102,39072,68.7,11519.01,22.03,17612.17,1297.98,1.11,8,190,56.8,-3840.33,4055.28,4,0,0,66,0,1986,0,33159,2910,904,47,0,10050.90,16125.51,6861.19,6679.46,6427.22,-2565.45,-1189.20,6727.68,-449.77
r11_01158_m33,30749.10,1.085,41261,68.7,8677.79,31.36,18990.99,1291.46,1.20,11,190,60.5,-3035.87,4409.92,5,0,0,12,0,776,0,35342,4195,921,15,0,5484.33,11820.88,5130.96,5745.76,3366.79,-4354.04,1936.95,542.08,1075.40
r11_01158_m34,55469.03,1.137,39647,68.7,8773.28,17.12,18843.84,1294.01,1.21,8,190,61.1,-2522.33,5186.97,6,0,0,24,0,648,0,35062,3017,865,31,0,9249.63,14753.82,13284.16,4817.57,4678.21,671.50,1892.06,5801.20,320.88
r11_01158_m35,46447.52,1.108,40081,68.4,11212.98,21.28,19282.17,1292.65,1.21,8,190,61.1,-2490.31,5216.42,5,0,0,20,0,752,0,35202,3203,874,30,0,8927.60,16937.16,7664.90,4587.86,3268.18,-3198.82,2467.10,6407.11,-613.57
r11_01158_m36,52444.93,1.122,40058,68.4,11479.70,15.91,19282.17,1295.92,2.64,10,190,62.1,-4012.91,5216.42,5,0,0,22,0,831,0,35165,3152,842,46,0,13251.19,20659.43,13345.40,2656.09,1333.29,-7442.03,2473.68,6687.91,-520.03
r11_01158_m37,55076.03,1.128,40150,68.3,11479.70,15.35,19282.17,1295.92,2.64,10,190,62.1,-4012.91,5216.42,5,0,0,22,0,840,0,35219,3179,842,48,0,14432.27,21014.63,14440.22,2656.09,1333.29,-7442.03,2473.68,6687.91,-520.03
r11_01158_m38,31122.16,1.088,34779,68.5,12308.60,22.23,19119.31,1295.92,2.64,10,190,64.7,-3352.81,4018.06,5,0,252,12,0,639,0,30584,2415,855,22,0,11482.39,17548.54,4129.56,-2929.71,629.25,-4676.97,39.10,5863.40,-963.38
r11_01158_m39,48811.16,1.115,40544,68.4,9812.56,20.43,18918.94,1290.85,1.20,8,190,67.4,-4209.49,6069.22,3,0,0,35,0,701,0,35539,3372,851,46,0,11804.25,10876.82,10932.17,6437.99,4176.58,-2941.87,3927.38,5708.34,-2110.50
r11_01243,29698.72,1.094,39013,66.9,10594.47,20.89,19626.49,1487.20,0.80,10,192,61.5,-2749.75,3382.24,5,0,51,144,16,223,31,28334,8952,1189,73,0,8940.16,7355.67,6003.17,8283.40,-6203.51,-608.02,-866.44,3617.62,3176.67
r11_01243_m00,24493.88,1.079,38264,66.8,9690.56,20.73,19767.63,1494.93,0.82,10,192,57.8,-2626.53,3137.96,8,0,45,82,16,236,10,27661,8948,1187,79,0,8454.49,9427.01,2665.77,6072.31,-5905.89,-1130.55,-171.93,2605.45,2477.22
r11_01243_m01,33292.44,1.105,39418,67.0,10191.48,18.85,19655.94,1475.48,0.80,10,192,60.4,-2705.97,2975.93,7,0,25,139,16,231,20,28624,9090,1204,69,0,9082.21,7929.33,7630.32,9308.37,-5245.74,-965.14,-930.36,3881.27,2602.19
r11_01243_m02,26188.73,1.081,39108,66.9,10294.81,33.31,19627.90,1487.20,0.80,10,192,62.0,-2749.75,2965.69,5,0,13,144,16,248,31,28397,9015,1170,74,0,3539.32,7459.77,5974.93,9166.63,-6181.45,-511.37,-207.71,3851.46,3097.14
r11_01243_m03,29676.05,1.094,39061,67.0,11362.62,22.19,19626.49,1487.20,1.01,10,192,62.5,-2749.75,3060.03,5,0,55,143,16,223,40,28354,8970,1194,66,0,8627.25,7736.84,6146.49,8569.36,-6075.00,-1504.68,-866.44,3865.58,3176.67
r11_01243_m04,37208.69,1.111,38879,67.5,17224.17,28.17,18536.43,1487.66,0.80,10,192,64.1,-3014.01,3155.58,5,0,17,128,31,477,43,27993,8876,1214,100,0,5743.94,4047.85,19002.42,10068.49,-5066.43,-5413.28,-1972.01,6160.01,4637.68
r11_01243_m05,31058.76,1.096,40374,66.7,10509.44,20.28,19698.43,1474.88,0.80,10,192,63.5,-2731.98,3152.43,7,0,17,139,16,227,0,28880,9767,1248,80,0,9489.66,6829.40,7275.93,8062.14,-6115.64,-431.02,-330.78,2177.32,4101.75
r11_01243_m06,26197.43,1.081,40381,67.1,12909.49,24.02,19635.98,1497.83,0.82,10,192,59.9,-2409.17,3528.04,5,0,46,135,0,214,31,29669,9045,1156,85,0,7986.91,10874.16,8037.95,6694.31,-5689.33,459.47,-5259.12,1345.10,1747.98
r11_01243_m07,-2225.78,0.984,23544,68.0,10500.74,38.20,16988.75,1344.37,0.80,10,188,55.9,-2001.36,960.71,6,0,0,12,0,0,0,18860,3614,1058,0,0,2182.96,1936.40,1384.87,1794.86,-4634.01,-545.98,-1584.89,-425.86,-2334.13
r11_01243_m08,18368.18,1.063,35707,67.0,10368.90,37.84,17036.52,1484.51,0.52,10,192,60.9,-2550.08,3078.05,5,0,36,106,0,175,11,25719,8415,1205,40,0,-14.12,4393.22,7766.02,5690.71,-3809.00,-87.85,-1128.33,2573.26,2984.26
r11_01243_m09,29983.89,1.095,39059,67.0,10594.47,20.78,19626.49,1487.20,0.80,10,192,61.5,-2749.75,3382.24,5,0,51,144,16,223,31,28352,8971,1189,82,0,8940.16,7611.40,6032.61,8283.40,-6203.51,-608.02,-866.44,3617.62,3176.67
r11_01243_m10,29761.80,1.087,41837,67.0,11445.65,21.24,19626.49,1487.20,0.80,10,192,62.0,-2749.75,3382.24,5,0,51,159,16,241,31,30556,9532,1173,78,0,10300.43,9564.84,5625.51,8270.30,-5921.23,126.41,-2391.66,3820.25,366.95
r11_01243_m11,25597.62,1.082,38745,67.0,10579.48,22.71,19626.49,1487.20,0.80,10,192,60.9,-2749.75,3383.77,5,0,25,129,0,203,31,28235,8865,1186,71,0,8944.17,7375.54,1838.33,8300.74,-6142.64,-613.41,-868.76,3591.19,3172.46
r11_01243_m12,31067.55,1.098,39046,66.9,10110.54,19.53,19631.27,1482.70,0.80,10,192,63.0,-2749.75,3455.31,5,0,51,134,16,232,20,28393,8953,1168,79,0,9087.85,6543.98,6667.91,9353.85,-6168.33,-773.02,-398.80,3658.96,3095.16
r11_01243_m13,18036.98,1.057,38525,66.7,12610.07,30.11,19681.90,1299.74,0.80,10,192,58.9,-2728.03,3043.89,8,0,25,113,16,20,320,27886,8880,1199,66,0,3322.87,5869.95,5594.39,6990.60,-6246.41,-2341.33,-1043.84,2886.73,3004.03
r11_01243_m14,10890.86,1.041,36500,67.4,10394.62,30.18,19733.35,1495.70,0.32,8,192,56.8,-2341.79,2909.58,7,0,5,90,0,29,24,26520,8699,1079,54,0,1950.56,7525.51,17.75,2772.80,-2548.01,-2320.69,-507.21,2207.99,1792.16
r11_01243_m15,34593.48,1.111,39795,66.9,8715.05,15.75,19906.64,1486.19,0.80,10,192,65.1,-2883.87,3594.09,7,0,23,131,0,193,34,28760,9361,1230,63,0,13567.63,11171.88,1952.37,8518.23,-4709.35,-522.60,-447.13,2348.84,2713.61
r11_01243_m16,21721.39,1.077,36060,67.4,8366.30,19.22,19851.01,1487.20,0.81,10,192,60.4,-2828.59,3262.15,7,0,12,105,0,180,43,27202,7292,1154,72,0,7369.78,7861.05,-254.09,8351.07,-4197.23,610.09,-2152.89,1750.95,2382.65
r11_01243_m17,17524.47,1.055,38824,66.8,13455.14,32.46,19551.32,1297.33,0.80,10,192,60.4,-2749.75,3009.16,5,0,35,123,0,365,0,28221,8829,1184,67,0,4945.15,9745.66,-509.99,7126.84,-6976.51,-2239.67,-1168.87,3515.51,3086.35
r11_01243_m18,30564.37,1.093,36144,67.3,16031.23,30.00,18460.24,1487.66,0.80,10,192,65.1,-3067.96,2968.76,5,0,64,154,47,493,54,25690,8342,1207,93,0,4396.88,1308.21,18758.63,8771.13,-6631.40,-4042.25,-2589.79,6203.51,4389.47
r11_01243_m19,21809.98,1.063,41711,66.9,14071.49,28.98,19626.49,1491.32,0.82,12,192,60.9,-2766.62,3077.35,5,0,140,135,0,268,41,30530,9365,1127,105,0,9326.18,10558.70,2822.30,5718.74,-8281.73,896.13,-3432.80,3430.65,771.81
r11_01243_m20,34326.63,1.108,35062,68.0,18356.16,30.70,18057.07,1495.35,0.76,10,192,60.4,-2617.34,2966.05,4,0,35,147,60,1126,146,24490,7642,1331,85,0,4410.27,6148.53,21564.87,4888.45,-4742.99,-5221.42,-2523.50,4734.10,5068.33
r11_01243_m21,29304.10,1.092,39100,66.9,10620.89,20.87,19626.49,1487.20,0.80,10,192,61.5,-2749.75,3385.01,5,0,51,140,16,214,31,28399,8988,1191,70,0,8827.60,7519.55,7975.96,6431.03,-6227.77,-341.76,-1133.37,3361.36,2891.49
r11_01243_m22,29304.10,1.092,39100,66.9,10620.89,20.87,19626.49,1487.20,0.80,10,192,61.5,-2749.75,3385.01,5,0,51,140,16,214,31,28399,8988,1191,70,0,8827.60,7519.55,7975.96,6431.03,-6227.77,-341.76,-1133.37,3361.36,2891.49
r11_01243_m23,28451.01,1.086,42054,67.2,11043.03,21.33,19607.67,1487.20,0.80,10,192,60.4,-2748.16,3190.26,8,0,41,133,0,212,31,30796,9589,1182,70,0,8781.24,9519.78,5233.19,7100.16,-5431.34,-611.20,-876.22,2484.07,2251.33
r11_01243_m24,12646.10,1.039,38738,66.8,14636.56,38.53,19477.61,1495.53,0.80,12,192,60.9,-2749.75,2940.36,5,0,86,107,0,238,63,28348,8681,1153,62,0,2427.24,5829.60,5616.05,3946.47,-7199.48,-1403.99,-2739.60,2998.44,3171.38
r11_01243_m25,29095.08,1.093,38728,66.7,9616.89,18.53,19820.33,1491.65,0.81,10,192,56.8,-2688.55,3096.39,7,0,46,78,16,230,19,27972,9081,1203,83,0,8360.46,9309.96,7474.90,6643.88,-5958.42,-823.40,-347.45,2581.15,1854.00
r11_01243_m26,24057.46,1.077,38641,67.0,10594.47,23.51,19626.49,1487.20,0.80,10,192,60.9,-2749.75,3174.04,5,0,13,139,0,203,31,28182,8808,1189,76,0,8731.97,7359.51,564.17,8285.51,-6203.51,-608.02,-866.44,3617.62,3176.67
r11_01243_m27,34966.74,1.120,39483,67.1,8512.75,14.99,19669.85,1484.86,0.77,10,192,62.5,-2512.84,3013.01,8,0,0,105,16,154,11,28141,9706,1292,58,0,11780.36,13730.72,4966.81,6211.49,-4197.09,-606.51,-1260.09,1881.21,2459.84
r11_01243_m28,26775.80,1.084,39241,66.9,10009.61,21.00,19725.44,1492.03,0.82,10,192,62.5,-2472.20,3102.49,6,0,12,105,16,260,18,28544,9018,1197,71,0,7519.33,8335.33,5766.76,5888.91,-6088.21,-267.00,-759.14,2899.62,3480.19
r11_01243_m29,28375.09,1.085,42090,67.1,11035.58,21.35,19621.45,1479.26,0.80,10,192,60.4,-2748.16,3264.90,8,0,41,135,0,211,31,30833,9585,1182,72,0,8945.82,9449.38,5046.57,7217.59,-5408.92,-626.37,-951.86,2477.26,2225.62
r11_01243_m30,24921.98,1.081,38797,67.0,10372.47,22.52,19644.13,1484.51,0.80,10,192,61.5,-2749.75,2918.40,5,0,0,121,0,220,0,28189,8971,1228,68,0,7924.28,6692.37,3278.01,8040.01,-6043.26,-598.72,-844.23,3370.18,3103.34
r11_01243_m31,18133.45,1.064,35139,66.9,12392.34,29.83,19594.48,1487.20,1.01,10,192,60.9,-2723.09,3252.19,5,0,12,117,0,131,31,25487,8096,1194,71,0,13038.20,6484.65,-5663.23,7546.69,-6262.25,-2273.18,-802.14,3339.48,2725.23
r11_01243_m32,24337.35,1.075,39090,66.9,10594.47,23.36,19626.49,1487.20,0.80,10,192,60.9,-2749.75,3013.21,5,0,26,150,16,249,31,28383,8967,1189,79,0,3756.24,7355.67,5825.72,8283.40,-6203.51,-608.02,-866.44,3617.62,3176.67
r11_01243_m33,38214.49,1.118,41298,66.8,8453.12,14.67,19907.29,1497.63,0.80,10,192,63.0,-2748.24,3127.69,8,0,6,98,0,241,18,29752,9886,1245,52,0,14912.65,6888.50,6250.46,9424.29,-3371.07,-800.73,-810.85,2818.24,2903.02
r11_01243_m34,24057.46,1.077,38641,67.0,10594.47,23.51,19626.49,1487.20,0.80,10,192,60.9,-2749.75,3174.04,5,0,13,139,0,203,31,28182,8808,1189,76,0,8731.97,7359.51,564.17,8285.51,-6203.51,-608.02,-866.44,3617.62,3176.67
r11_01243_m35,38311.13,1.123,40570,66.9,7372.01,13.22,19766.72,1479.83,0.82,10,192,64.1,-2829.45,2987.51,5,0,0,100,0,205,0,29198,9728,1267,72,0,14677.48,7998.48,5409.23,7548.21,-4129.50,133.18,-653.49,4326.58,3000.96
r11_01243_m36,17354.50,1.054,38973,66.9,10987.11,28.20,19740.87,1496.16,0.82,10,192,61.5,-2640.96,3017.94,6,0,14,101,0,251,28,28392,8912,1201,74,0,2687.53,9173.32,2850.50,4041.98,-6651.38,-188.54,-1239.08,3228.32,3451.85
r11_01243_m37,12190.25,1.044,37066,67.4,11017.02,30.32,19733.35,1496.55,0.32,8,192,57.3,-2503.87,2909.58,7,0,5,100,0,52,32,26808,8939,1098,32,0,2027.88,10185.05,-834.75,2772.80,-2548.01,-2497.96,-955.13,2248.19,1792.16
r11_01243_m38,29124.38,1.095,38969,67.0,9480.84,18.75,19545.38,1479.83,0.80,10,192,62.0,-2651.22,3262.43,8,0,25,113,16,182,37,28295,9049,1201,51,0,8052.56,9642.00,6838.41,5900.76,-4435.18,-760.27,-1861.67,3682.39,2065.39
r11_01243_m39,35576.14,1.113,39225,67.0,10680.25,18.80,19640.27,1498.72,0.80,10,192,62.0,-2778.59,3456.87,5,0,38,154,32,58,186,28451,9028,1197,81,0,14107.29,7032.52,7280.03,8277.56,-6181.10,-614.42,-942.08,3465.37,3150.96
