bien,giu_top,nguong,rho_T6,rho_T2,T6_%chu_ky,T6_lai,T6_PF,T2_%chu_ky,T2_lai,T2_PF,T2_lai/chu_ky
bien_do_30s,75%,1.09,-0.108,-0.087,75,343,1.14,82,1458,1.37,1.235
bien_do_30s,50%,1.56,-0.108,-0.087,50,60,1.04,54,623,1.22,0.792
bien_do_30s,25%,2.08,-0.108,-0.087,25,319,1.37,32,409,1.23,0.879
dich_chuyen_30s,75%,0.37,-0.023,-0.035,75,606,1.26,76,1246,1.35,1.136
dich_chuyen_30s,50%,0.75,-0.023,-0.035,51,547,1.35,55,664,1.25,0.831
dich_chuyen_30s,25%,1.34,-0.023,-0.035,25,133,1.17,32,538,1.35,1.175
so_deal_30s,75%,15.0,-0.111,-0.074,77,430,1.17,80,1552,1.4,1.336
so_deal_30s,50%,22.0,-0.111,-0.074,50,52,1.03,49,1039,1.42,1.455
so_deal_30s,25%,30.0,-0.111,-0.074,27,-75,0.93,25,292,1.21,0.813
bien_do_60s,75%,1.77,-0.103,-0.032,75,309,1.12,81,1560,1.41,1.337
bien_do_60s,50%,2.34,-0.103,-0.032,50,-12,0.99,58,1179,1.41,1.405
bien_do_60s,25%,3.07,-0.103,-0.032,25,100,1.11,33,772,1.45,1.643
dich_chuyen_60s,75%,0.53,-0.035,-0.022,75,834,1.36,77,1514,1.42,1.362
dich_chuyen_60s,50%,1.16,-0.035,-0.022,50,539,1.34,52,834,1.33,1.1
dich_chuyen_60s,25%,1.99,-0.035,-0.022,25,111,1.12,29,756,1.52,1.818
so_deal_60s,75%,34.0,-0.122,-0.079,75,349,1.14,76,1669,1.45,1.525
so_deal_60s,50%,44.0,-0.122,-0.079,53,151,1.08,49,1068,1.41,1.515
so_deal_60s,25%,56.0,-0.122,-0.079,26,-79,0.92,25,729,1.5,1.998
bien_do_120s,75%,2.84,-0.087,-0.028,75,568,1.25,76,1682,1.47,1.528
bien_do_120s,50%,3.44,-0.087,-0.028,50,237,1.14,57,1317,1.47,1.593
bien_do_120s,25%,4.84,-0.087,-0.028,26,22,1.02,27,557,1.37,1.406
dich_chuyen_120s,75%,0.89,-0.037,-0.014,75,707,1.31,71,1708,1.52,1.658
dich_chuyen_120s,50%,1.96,-0.037,-0.014,50,294,1.18,44,1139,1.53,1.808
dich_chuyen_120s,25%,3.06,-0.037,-0.014,25,32,1.04,23,461,1.37,1.372
so_deal_120s,75%,72.0,-0.126,-0.082,75,464,1.19,75,1787,1.49,1.656
so_deal_120s,50%,87.0,-0.126,-0.082,51,278,1.16,50,1284,1.49,1.78
so_deal_120s,25%,105.0,-0.126,-0.082,25,-113,0.89,26,699,1.49,1.878
bien_do_nen_M5_truoc,75%,4.78,0.002,-0.086,78,1212,1.52,75,1583,1.43,1.455
bien_do_nen_M5_truoc,50%,6.01,0.002,-0.086,51,851,1.56,61,1262,1.4,1.43
bien_do_nen_M5_truoc,25%,7.07,0.002,-0.086,29,178,1.18,43,750,1.33,1.213
ATR14_M5_truoc,75%,6.31,-0.056,-0.048,77,538,1.23,77,1750,1.48,1.571
ATR14_M5_truoc,50%,7.3,-0.056,-0.048,52,60,1.04,26,728,1.54,1.932
ATR14_M5_truoc,25%,7.56,-0.056,-0.048,26,4,1.0,13,335,1.47,1.774
