cach_thoat,ngay,lenh,win_%,TB_thang_$,TB_thua_$,PF,lai_rong_$,$/lenh
THAT (Passview),ca 2,7054,44.7,4.22,-2.59,1.318,3215.0,0.456
Passview: trailing 0.50 (mo phong),ca 2,7054,42.1,5.06,-2.51,1.463,4750.0,0.673
Passview: trailing 0.50 (mo phong),T6,2703,42.0,5.51,-2.51,1.59,2325.0,0.86
Passview: trailing 0.50 (mo phong),T2,4351,42.2,4.77,-2.51,1.383,2426.0,0.557
Chot +1.00 (5$) + van trailing,ca 2,7054,42.1,3.44,-2.51,0.996,-40.0,-0.006
Chot +1.00 (5$) + van trailing,T6,2703,42.0,3.47,-2.51,0.999,-3.0,-0.001
Chot +1.00 (5$) + van trailing,T2,4351,42.2,3.43,-2.51,0.994,-37.0,-0.008
Chot +2.00 (10$) + van trailing,ca 2,7054,42.1,4.47,-2.51,1.292,3002.0,0.426
Chot +2.00 (10$) + van trailing,T6,2703,42.0,4.6,-2.51,1.327,1288.0,0.477
Chot +2.00 (10$) + van trailing,T2,4351,42.2,4.39,-2.51,1.271,1714.0,0.394
"Chot +1.00 (5$), KHONG trailing",ca 2,7053,34.5,4.7,-2.8,0.883,-1508.0,-0.214
"Chot +1.00 (5$), KHONG trailing",T6,2703,34.9,4.7,-2.8,0.899,-496.0,-0.183
"Chot +1.00 (5$), KHONG trailing",T2,4350,34.2,4.7,-2.8,0.874,-1012.0,-0.233
"Chot +1.50 (7.5$), KHONG trailing",ca 2,7052,27.3,7.2,-2.8,0.965,-496.0,-0.07
"Chot +1.50 (7.5$), KHONG trailing",T6,2703,27.9,7.2,-2.8,0.997,-18.0,-0.007
"Chot +1.50 (7.5$), KHONG trailing",T2,4349,26.9,7.2,-2.8,0.946,-477.0,-0.11
"Chot +2.00 (10$), KHONG trailing",ca 2,7051,22.4,9.7,-2.8,1.0,-5.0,-0.001
"Chot +2.00 (10$), KHONG trailing",T6,2703,23.0,9.7,-2.8,1.035,207.0,0.076
"Chot +2.00 (10$), KHONG trailing",T2,4348,22.0,9.7,-2.8,0.978,-212.0,-0.049
