ngay;balance_dau_ngay;equity_thap_nhat;lo_toi_da_trong_ngay_pct;so_lenh_mo
2026.01.01;10000.00;10000.00;0.000;0
2026.01.02;10000.00;10000.00;0.000;0
2026.01.04;10000.00;10000.00;0.000;0
2026.01.05;10000.00;10000.00;0.000;0
2026.01.06;10000.00;10000.00;0.000;0
2026.01.07;10000.00;9772.10;2.279;9
2026.01.08;10113.81;9606.24;5.019;16
2026.01.09;9606.24;9143.29;4.819;15
2026.01.11;9390.90;9390.90;0.000;0
2026.01.12;9390.90;9042.86;3.706;16
2026.01.13;9162.13;8797.78;3.977;12
2026.01.14;8797.78;8405.37;4.460;16
2026.01.15;8405.37;8182.54;2.651;10
2026.01.16;9183.20;9143.80;0.429;5
2026.01.18;9245.84;9245.84;0.000;0
2026.01.19;9245.84;9035.86;2.271;12
2026.01.20;9291.44;8905.91;4.149;11
2026.01.21;8913.95;8881.37;0.365;17
2026.01.22;9985.89;9918.13;0.679;5
2026.01.23;10073.58;10036.05;0.373;16
2026.01.25;10149.98;10149.98;0.000;0
2026.01.26;10149.98;9939.06;2.078;9
2026.01.27;10040.82;9853.52;1.865;2
2026.01.28;9853.52;9651.69;2.048;8
2026.01.29;9804.04;9610.20;1.977;2
2026.01.30;9610.20;9610.20;0.000;0
2026.02.01;9610.20;9610.20;0.000;0
2026.02.02;9610.20;9610.20;0.000;0
2026.02.03;9610.20;9537.92;0.752;1
2026.02.04;9790.26;9551.41;2.440;7
2026.02.05;9758.37;9717.46;0.419;4
2026.02.06;10113.93;9821.62;2.890;10
2026.02.08;9914.27;9914.27;0.000;0
2026.02.09;9914.27;9588.46;3.286;5
2026.02.10;9737.02;9561.99;1.798;4
2026.02.11;10085.60;9804.76;2.785;3
2026.02.12;9804.76;9544.71;2.652;5
2026.02.13;9803.22;9507.54;3.016;11
2026.02.15;10089.22;10089.22;0.000;0
2026.02.16;10089.22;9852.47;2.347;14
2026.02.17;10333.95;10282.17;0.501;13
2026.02.18;10552.88;10152.18;3.797;5
2026.02.19;10345.54;9947.82;3.844;7
2026.02.20;9947.82;9852.14;0.962;1
2026.02.22;9852.14;9852.14;0.000;0
2026.02.23;9852.14;9843.63;0.086;1
2026.02.24;9848.99;9668.16;1.836;2
2026.02.25;9668.16;9400.74;2.766;3
2026.02.26;9400.74;9302.83;1.041;2
2026.02.27;9302.83;9302.83;0.000;0
2026.03.01;9302.83;9302.83;0.000;0
2026.03.02;9302.83;9298.51;0.046;1
2026.03.03;9300.66;9300.66;0.000;0
2026.03.04;9300.66;9300.66;0.000;0
2026.03.05;9300.66;9300.66;0.000;0
2026.03.06;9300.66;9300.66;0.000;0
2026.03.08;9300.66;9300.66;0.000;0
2026.03.09;9300.66;9214.95;0.922;1
2026.03.10;9214.95;9214.95;0.000;0
2026.03.11;9214.95;9214.95;0.000;0
2026.03.12;9214.95;9143.21;0.779;1
2026.03.13;9264.35;8993.32;2.925;7
2026.03.15;9001.29;9001.29;0.000;0
2026.03.16;9001.29;8774.55;2.519;10
2026.03.17;8867.19;8830.20;0.417;1
2026.03.18;9044.92;8922.88;1.349;7
2026.03.19;9351.52;9201.89;1.600;23
2026.03.20;9974.16;9863.70;1.107;2
2026.03.22;9929.46;9929.46;0.000;0
2026.03.23;9929.46;9913.80;0.158;6
2026.03.24;10548.50;10464.48;0.796;4
2026.03.25;11075.03;11028.52;0.420;3
2026.03.26;11068.66;10923.57;1.311;4
2026.03.27;11149.36;10844.02;2.739;6
2026.03.29;11231.47;11231.47;0.000;0
2026.03.30;11231.47;11228.11;0.030;5
2026.03.31;11484.80;11143.80;2.969;7
2026.04.01;11143.80;11040.23;0.929;1
2026.04.02;11040.23;11040.23;0.000;0
2026.04.05;11040.23;11040.23;0.000;0
2026.04.06;11040.23;10980.50;0.541;8
2026.04.07;11012.88;10979.16;0.306;3
2026.04.08;11158.95;11112.05;0.420;1
2026.04.09;11157.46;11065.75;0.822;7
2026.04.10;11514.03;10984.45;4.599;10
2026.04.12;11257.13;11257.13;0.000;0
2026.04.13;11257.13;11141.71;1.025;8
2026.04.14;11578.06;11413.20;1.424;6
2026.04.15;11420.00;11381.92;0.333;5
2026.04.16;11476.89;11058.34;3.647;4
2026.04.17;11058.34;10766.73;2.637;3
2026.04.19;10847.85;10847.85;0.000;0
2026.04.20;10847.85;10641.89;1.899;2
2026.04.21;10641.89;10535.63;0.999;2
2026.04.22;10742.07;10547.24;1.814;2
2026.04.23;10547.24;10343.85;1.928;4
2026.04.24;10401.75;10138.02;2.535;11
2026.04.26;10138.02;10138.02;0.000;0
2026.04.27;10138.02;10071.17;0.659;1
2026.04.28;10136.04;10115.23;0.205;1
2026.04.29;10321.85;10221.92;0.968;1
2026.04.30;10221.92;10174.74;0.462;1
2026.05.01;10285.93;10204.84;0.788;2
2026.05.03;10671.27;10671.27;0.000;0
2026.05.04;10671.27;10470.86;1.878;2
2026.05.05;10470.86;10470.86;0.000;0
2026.05.06;10470.86;10470.86;0.000;0
2026.05.07;10470.86;10470.86;0.000;0
2026.05.08;10470.86;10470.86;0.000;0
2026.05.10;10470.86;10470.86;0.000;0
2026.05.11;10470.86;10387.27;0.798;5
2026.05.12;10421.91;10249.70;1.652;6
2026.05.13;10319.21;10089.51;2.226;6
2026.05.14;10089.51;10042.78;0.463;8
2026.05.15;10615.39;10434.42;1.705;10
2026.05.17;10697.22;10697.22;0.000;0
2026.05.18;10697.22;10600.74;0.902;5
2026.05.19;10936.96;10887.19;0.455;8
2026.05.20;11727.10;11583.04;1.228;9
2026.05.21;11583.04;11373.32;1.811;3
2026.05.22;11581.12;11382.00;1.719;3
2026.05.24;11796.60;11796.60;0.000;0
2026.05.25;11796.60;11688.15;0.919;1
2026.05.26;11688.15;11475.37;1.820;3
2026.05.27;11475.37;11258.70;1.888;3
2026.05.28;11258.70;10879.40;3.369;8
2026.05.29;10879.40;10695.85;1.687;4
2026.05.31;11075.33;11075.33;0.000;0
2026.06.01;11075.33;10800.46;2.482;5
2026.06.02;10838.16;10785.71;0.484;1
2026.06.03;10908.16;10785.01;1.129;1
2026.06.04;10785.01;10697.23;0.814;2
2026.06.05;10882.85;10864.45;0.169;4
2026.06.07;10979.41;10979.41;0.000;0
2026.06.08;10979.41;10781.90;1.799;5
2026.06.09;10781.90;10653.98;1.186;3
2026.06.10;10653.98;10564.57;0.839;5
2026.06.11;10761.10;10737.97;0.215;9
2026.06.12;10832.76;10732.23;0.928;1
2026.06.14;10732.23;10732.23;0.000;0
2026.06.15;10732.23;10633.00;0.925;1
2026.06.16;10633.00;10536.27;0.910;2
2026.06.17;10536.27;10395.51;1.336;3
2026.06.18;10494.59;10458.27;0.346;9
2026.06.19;10672.38;10637.22;0.329;12
2026.06.21;11460.17;11460.17;0.000;0
2026.06.22;11460.17;11331.18;1.126;3
2026.06.23;11560.84;11311.22;2.159;6
2026.06.24;11452.44;11203.86;2.171;5
2026.06.25;11203.86;11203.86;0.000;0
2026.06.26;11203.86;11097.94;0.945;1
2026.06.28;11097.94;11097.94;0.000;0
2026.06.29;11097.94;11097.94;0.000;0
2026.06.30;11097.94;10891.61;1.859;2
2026.07.01;10891.61;10891.61;0.000;0
2026.07.02;10891.61;10891.61;0.000;0
2026.07.03;10891.61;10891.61;0.000;0
2026.07.05;10891.61;10891.61;0.000;0
2026.07.06;10891.61;10891.61;0.000;0
2026.07.07;10891.61;10891.61;0.000;0
2026.07.08;10891.61;10891.61;0.000;0
2026.07.09;10891.61;10713.86;1.632;2
2026.07.10;10988.06;10774.71;1.942;3
2026.07.12;10870.14;10870.14;0.000;0
2026.07.13;10870.14;10770.06;0.921;1
2026.07.14;10770.06;10555.99;1.988;3
2026.07.15;10767.28;10715.53;0.481;2
2026.07.16;10827.86;10827.86;0.000;0
2026.07.17;10827.86;10827.86;0.000;0
2026.07.19;10827.86;10827.86;0.000;0
2026.07.20;10827.86;10827.86;0.000;0
2026.07.21;10827.86;10773.81;0.499;1
2026.07.22;10878.43;10720.43;1.452;4
2026.07.23;10934.11;10405.09;4.838;8
2026.07.24;10532.09;10500.75;0.298;2
2026.07.26;10725.51;10725.51;0.000;0
2026.07.27;10725.51;10719.75;0.054;1
2026.07.28;10919.45;10620.48;2.738;3
2026.07.29;10620.48;10521.64;0.931;2
2026.07.30;10521.64;10421.67;0.950;2
2026.07.31;10421.67;10344.74;0.738;3
2026.08.02;10509.19;10509.19;0.000;0
2026.08.03;10509.19;10410.48;0.939;2
2026.08.04;10410.48;10061.25;3.355;5
2026.08.05;10293.19;10175.10;1.147;7
2026.08.06;10405.13;10119.56;2.745;5
2026.08.07;10205.72;10165.74;0.392;13
2026.08.09;10174.40;10174.40;0.000;0
2026.08.10;10174.40;9793.43;3.744;4
2026.08.11;9793.43;9490.26;3.096;4
2026.08.12;9694.71;9565.59;1.332;5
2026.08.13;9872.80;9592.74;2.837;5
2026.08.14;9592.74;9503.14;0.934;1
2026.08.16;9503.14;9503.14;0.000;0
2026.08.17;9503.14;9491.97;0.118;1
2026.08.18;9555.68;9429.62;1.319;5
2026.08.19;9642.56;9418.22;2.327;4
2026.08.20;9418.22;9386.76;0.334;2
2026.08.21;9764.75;9699.90;0.664;2
2026.08.23;10131.44;10131.44;0.000;0
2026.08.24;10131.44;10131.44;0.000;0
2026.08.25;10131.44;10105.22;0.259;3
2026.08.26;10407.99;10084.55;3.108;7
2026.08.27;10084.55;9874.84;2.080;7
2026.08.28;9958.09;9683.96;2.753;3
2026.08.30;9683.96;9683.96;0.000;0
2026.08.31;9683.96;9303.33;3.931;5
2026.09.01;9334.43;9334.43;0.000;0
2026.09.02;9334.43;9313.07;0.229;2
2026.09.03;9478.74;9323.55;1.637;3
2026.09.04;9452.44;9155.32;3.143;4
2026.09.06;9355.09;9355.09;0.000;0
2026.09.07;9355.09;9171.83;1.959;2
2026.09.08;9171.83;9074.51;1.061;4
2026.09.09;9323.39;8961.53;3.881;7
2026.09.10;9306.90;9088.82;2.343;6
2026.09.11;9702.25;9643.57;0.605;5
2026.09.13;9786.56;9786.56;0.000;0
2026.09.14;9786.56;9671.87;1.172;11
2026.09.15;9830.23;9795.01;0.358;11
2026.09.16;10089.06;10046.57;0.421;4
2026.09.17;10279.56;10175.43;1.013;2
2026.09.18;10256.98;10068.01;1.842;5
2026.09.20;10448.32;10448.32;0.000;0
2026.09.21;10448.32;9797.92;6.225;7
2026.09.22;9797.92;9705.73;0.941;1
2026.09.23;9705.73;9680.58;0.259;3
2026.09.24;9977.10;9956.66;0.205;3
2026.09.25;9982.72;9961.19;0.216;2
2026.09.27;10074.60;10074.60;0.000;0
