ident;mo;dong;huong;lot;gia_mo;gia_dong;sl0;tp0;ket_qua;rui_ro_du_kien;rui_ro_pct;R;ly_do;comment
100001;2026.01.07 10:28:02;2026.01.07 10:33:36;SELL;0.22;4459.527;4463.713;4463.712;4451.157;-92.09;92.07;0.921;-1.000;SL;DH5|2|1
100003;2026.01.07 12:00:26;2026.01.07 12:09:08;BUY;0.23;4449.446;4445.427;4445.446;4457.446;-92.44;92.00;0.929;-1.005;SL;DH5|3|5
100005;2026.01.07 13:06:12;2026.01.07 13:11:07;SELL;0.12;4441.634;4436.262;4449.377;4426.148;64.46;92.92;0.947;0.694;SL;DH5|2|9
100007;2026.01.07 14:37:16;2026.01.07 14:52:49;SELL;0.11;4439.949;4448.316;4448.259;4423.329;-92.04;91.41;0.925;-1.007;SL;DH5|2|11
100009;2026.01.07 15:11:03;2026.01.07 15:31:04;SELL;0.08;4434.121;4445.408;4445.300;4411.763;-90.30;89.43;0.914;-1.010;SL;DH5|2|12
100011;2026.01.07 16:22:13;2026.01.07 19:16:53;BUY;0.07;4458.680;4446.077;4446.165;4483.710;-88.22;87.61;0.903;-1.007;SL;DH5|2|15
100013;2026.01.08 01:46:04;2026.01.08 03:11:04;SELL;0.1;4444.861;4444.882;4453.699;4427.185;-0.21;88.38;0.920;-0.002;SL;DH5|2|21
100015;2026.01.08 04:36:24;2026.01.08 05:13:07;SELL;0.2;4435.142;4426.398;4439.501;4426.424;174.88;87.18;0.907;2.006;TP;DH5|2|26
100017;2026.01.08 05:20:21;2026.01.08 05:30:01;BUY;0.22;4427.388;4423.363;4423.388;4435.388;-88.55;88.00;0.899;-1.006;SL;DH5|3|29
100019;2026.01.08 05:36:28;2026.01.08 05:43:20;BUY;0.2;4423.111;4418.711;4418.730;4431.873;-88.00;87.62;0.904;-1.004;SL;DH5|3|31
100021;2026.01.08 05:45:40;2026.01.08 06:00:05;BUY;0.18;4419.729;4422.671;4414.846;4429.495;52.96;87.89;0.915;0.602;SL;DH5|3|32
100023;2026.01.08 08:02:10;2026.01.08 08:11:07;SELL;0.17;4428.067;4433.391;4433.350;4417.501;-90.51;89.81;0.930;-1.008;SL;DH5|2|34
100025;2026.01.08 08:33:50;2026.01.08 08:56:57;SELL;0.16;4424.799;4430.310;4430.305;4413.787;-88.18;88.10;0.921;-1.001;SL;DH5|2|35
100027;2026.01.08 10:17:20;2026.01.08 10:33:53;SELL;0.19;4427.074;4431.687;4431.668;4417.886;-87.65;87.29;0.921;-1.004;SL;DH5|2|36
100029;2026.01.08 11:25:23;2026.01.08 12:05:37;SELL;0.15;4424.894;4413.076;4430.787;4413.108;177.27;88.40;0.941;2.005;TP;DH5|2|37
100031;2026.01.08 12:07:48;2026.01.08 12:09:22;SELL;0.22;4415.105;4419.135;4419.105;4407.105;-88.66;88.00;0.919;-1.008;SL;DH5|1|40
100033;2026.01.08 12:18:57;2026.01.08 12:22:03;SELL;0.22;4412.147;4416.162;4416.147;4404.147;-88.33;88.00;0.928;-1.004;SL;DH5|1|41
100035;2026.01.08 14:08:07;2026.01.08 14:25:02;SELL;0.08;4419.107;4429.420;4429.413;4398.495;-82.50;82.45;0.878;-1.001;SL;DH5|2|43
100037;2026.01.08 14:48:18;2026.01.08 15:05:26;SELL;0.16;4435.938;4435.962;4441.437;4424.940;-0.38;87.98;0.945;-0.004;SL;DH5|3|45
100039;2026.01.08 18:05:07;2026.01.08 18:32:17;SELL;0.2;4457.158;4453.745;4461.371;4448.732;68.26;84.26;0.905;0.810;SL;DH5|2|52
100041;2026.01.09 02:54:09;2026.01.09 04:57:02;SELL;0.16;4466.454;4466.466;4471.917;4455.528;-0.19;87.41;0.932;-0.002;SL;DH5|2|54
100043;2026.01.09 05:16:27;2026.01.09 05:29:05;SELL;0.21;4461.022;4465.053;4465.022;4453.022;-84.65;84.00;0.896;-1.008;SL;DH5|2|55
100045;2026.01.09 06:27:06;2026.01.09 07:01:51;BUY;0.19;4472.539;4472.475;4468.140;4481.337;-1.22;83.58;0.899;-0.015;SL;DH5|2|56
100047;2026.01.09 08:06:10;2026.01.09 08:35:32;BUY;0.19;4474.241;4469.677;4469.747;4483.229;-86.72;85.39;0.919;-1.016;SL;DH5|2|61
100049;2026.01.09 10:27:43;2026.01.09 11:00:00;SELL;0.21;4469.254;4473.261;4473.254;4461.254;-84.15;84.00;0.912;-1.002;SL;DH5|2|63
100051;2026.01.09 11:00:54;2026.01.09 11:09:11;BUY;0.19;4474.741;4470.224;4470.250;4483.723;-85.82;85.33;0.935;-1.006;SL;DH5|2|64
100053;2026.01.09 11:46:27;2026.01.09 11:50:28;SELL;0.21;4468.911;4472.928;4472.911;4460.911;-84.36;84.00;0.930;-1.004;SL;DH5|2|65
100055;2026.01.09 12:01:26;2026.01.09 12:26:18;SELL;0.2;4477.545;4469.487;4481.545;4469.545;161.16;80.00;0.894;2.014;TP;DH5|3|66
100057;2026.01.09 12:33:56;2026.01.09 13:00:50;BUY;0.21;4464.302;4464.253;4460.302;4472.302;-1.03;84.00;0.922;-0.012;SL;DH5|3|68
100059;2026.01.09 13:37:12;2026.01.09 13:41:44;BUY;0.14;4483.785;4483.756;4477.902;4495.551;-0.41;82.36;0.904;-0.005;SL;DH5|1|70
100061;2026.01.09 13:42:30;2026.01.09 13:50:20;BUY;0.14;4486.547;4480.574;4480.637;4498.367;-83.62;82.74;0.908;-1.011;SL;DH5|1|71
100063;2026.01.09 14:15:04;2026.01.09 14:33:05;BUY;0.12;4490.248;4483.251;4483.271;4504.202;-83.96;83.72;0.927;-1.003;SL;DH5|1|72
100065;2026.01.09 14:36:56;2026.01.09 14:50:28;SELL;0.11;4495.964;4481.113;4503.348;4481.196;163.36;81.22;0.908;2.011;TP;DH5|3|73
100067;2026.01.09 15:49:24;2026.01.09 16:11:24;BUY;0.13;4510.923;4504.288;4504.290;4524.189;-86.25;86.23;0.947;-1.000;SL;DH5|1|77
100069;2026.01.09 16:11:27;2026.01.09 17:03:05;SELL;0.1;4503.392;4511.581;4511.555;4487.066;-81.89;81.63;0.905;-1.003;SL;DH5|2|78
100071;2026.01.09 17:17:29;2026.01.09 17:23:21;BUY;0.2;4506.449;4502.324;4502.357;4514.633;-82.50;81.84;0.915;-1.008;SL;DH5|1|80
100073;2026.01.09 19:00:02;2026.01.09 19:06:56;BUY;0.18;4497.405;4492.830;4492.843;4506.529;-82.35;82.12;0.927;-1.003;SL;DH5|1|81
100075;2026.01.12 01:00:02;2026.01.12 01:00:28;BUY;0.11;4591.644;4584.276;4584.293;4606.346;-81.05;80.86;0.921;-1.002;SL;DH5|1|82
100077;2026.01.12 03:05:07;2026.01.12 03:44:59;BUY;0.17;4577.211;4572.591;4572.627;4586.379;-78.54;77.93;0.896;-1.008;SL;DH5|1|83
100079;2026.01.12 05:13:20;2026.01.12 05:41:56;BUY;0.18;4571.021;4579.765;4566.660;4579.743;157.39;78.50;0.911;2.005;TP;DH5|2|84
100081;2026.01.12 05:47:22;2026.01.12 05:55:06;BUY;0.2;4583.530;4579.513;4579.530;4591.530;-80.34;80.00;0.912;-1.004;SL;DH5|1|86
100083;2026.01.12 06:53:36;2026.01.12 07:28:12;BUY;0.13;4579.867;4579.856;4573.790;4592.021;-0.14;79.00;0.909;-0.002;SL;DH5|2|88
100085;2026.01.12 07:57:34;2026.01.12 08:13:58;BUY;0.14;4588.231;4582.663;4582.690;4599.313;-77.95;77.57;0.892;-1.005;SL;DH5|2|90
100087;2026.01.12 08:56:40;2026.01.12 09:47:26;BUY;0.2;4597.295;4593.295;4593.295;4605.295;-80.00;80.00;0.929;-1.000;SL;DH5|1|92
