name,Hand_FirstDist,Hand_MinDist1,Hand_AddGap1,Hand_MinDist2,Hand_AddGap2,Hand_OrderThresh,Hand_MoveStep,Hand_InitLot,Hand_AddLotMult,Hand_SideTP,Hand_SideSL,Hand_AllStopLoss,Hand_PauseLoss,NetClosePL,EA_StartTime,EA_StopTime,InpBasketMaxLoss,InpHardSLATR,InpFlattenOnClose,InpMaxLayers,InpMaxTotalLots,InpDailyLossLimit,InpPeakRetracePct,InpSpikeEnable,InpSpikeUSD,InpSpikePauseMin,InpSpikeRemovePend,MaxLot,DailyProfitTarget
r11_00456,40,90,160,160,100,5,30,0.02,1.4,500,800,600,2600,250,09:00,18:00,0,1.0,true,6,0.2,0,30,false,2.0,45,true,0.1,3300
r11_01484,70,80,50,120,280,8,40,0.02,1.05,600,400,300,2000,800,10:00,20:00,0,1.5,true,4,1.2,4000,50,false,2.0,30,true,0.2,2000
r11_01043,50,60,80,180,280,3,40,0.02,1.2,675,200,125,700,425,07:00,15:00,3500,2.5,true,10,0.8,2700,30,false,6.0,45,false,0.1,3400
r11_01086,80,50,250,100,280,2,110,0.02,1.1,75,500,500,2700,475,07:00,20:00,800,3.0,true,0,0.8,0,30,false,5.0,60,false,0.05,500
r11_00062,80,180,140,180,300,10,90,0.02,1.15,550,900,325,1300,775,08:00,14:00,700,0,true,5,100,3500,100,false,2.0,20,false,0.5,0
r11_00674,80,70,130,280,120,5,120,0.02,1.0,700,2700,150,1600,750,08:00,17:00,3300,3.0,true,4,0.2,0,30,false,4.0,20,true,0.05,0
r11_00786,40,130,50,200,300,10,50,0.02,1.05,750,300,250,2000,775,02:00,15:00,0,3.0,true,4,0.3,0,10,false,8.0,20,false,0.05,0
r11_01073,90,90,130,180,340,5,70,0.02,1.4,475,900,600,2900,600,08:00,21:00,4000,3.0,true,4,100,3700,50,false,8.0,30,false,0.2,0
r11_00740,80,210,140,320,220,5,40,0.02,1.0,150,2500,500,300,0,08:00,20:00,0,4.0,true,10,100,4000,10,false,4.0,20,true,10,2700
r11_00034,70,170,100,320,360,6,120,0.02,1.5,725,1000,425,1500,300,10:00,20:00,800,4.0,true,4,1.2,0,20,false,6.0,60,false,0.5,1700
r11_00200,130,50,160,220,200,2,50,0.02,1.0,550,2100,525,2200,100,07:00,20:00,800,2.0,true,3,0.3,3900,50,false,4.0,45,false,10,1800
r11_00569,60,120,190,300,180,10,80,0.02,1.15,700,1600,125,2400,0,08:00,14:00,3500,4.0,true,3,100,1100,20,false,8.0,10,true,10,1300
r11_00440,70,60,70,180,260,8,100,0.02,1.1,625,700,550,2400,400,08:00,16:00,2900,4.0,true,6,100,1700,50,false,6.0,60,false,10,0
r11_00595,80,150,210,160,300,8,80,0.02,1.05,425,2300,600,2000,700,07:00,13:00,700,4.0,true,6,100,0,50,false,2.0,30,true,0.2,2500
r11_00523,50,50,180,280,200,5,40,0.02,1.3,175,900,500,900,150,02:00,15:00,1500,1.0,true,3,100,1700,20,false,8.0,20,true,0.05,2900
r11_00977,80,130,70,140,320,6,60,0.02,1.3,400,1400,525,900,550,09:00,19:00,2000,2.5,true,3,0.8,0,30,false,5.0,45,true,0.08,0
r11_01040,130,220,160,80,100,5,40,0.02,1.15,550,500,225,1900,725,05:00,19:00,500,4.0,true,4,2.0,1800,20,false,6.0,45,true,0.1,0
r11_01415,90,120,250,120,180,4,50,0.02,1.2,350,2700,50,2700,50,08:00,15:00,300,0,true,3,0.5,2600,10,false,3.0,60,false,0.05,2100
r11_00410,110,50,210,200,340,4,110,0.02,1.0,150,1000,525,2700,750,07:00,14:00,600,0,true,5,1.2,1100,20,false,4.0,20,false,10,0
r11_00990,70,70,60,260,200,5,60,0.02,1.0,275,2300,325,700,475,02:00,20:00,2600,1.5,true,3,0.5,0,10,false,6.0,60,false,0.05,0
r11_01197,50,210,150,120,280,4,20,0.02,1.15,675,2000,225,1400,275,08:00,16:00,2300,0,true,3,0.2,0,20,false,2.0,30,false,0.2,1900
r11_00526,60,110,130,120,320,3,110,0.02,1.15,500,2700,575,2100,375,06:00,18:00,1100,1.0,true,5,100,4000,30,false,5.0,20,false,0.2,2500
r11_00183,110,190,70,220,140,2,100,0.02,1.15,400,1800,50,2800,175,08:00,20:00,0,0,true,4,0.5,3400,50,false,8.0,60,false,0.08,0
r11_01217,140,90,170,260,240,3,20,0.02,1.3,775,800,475,2900,725,10:00,18:00,0,4.0,true,3,1.2,3700,50,false,5.0,60,false,0.5,0
r11_00920,30,80,240,140,260,9,110,0.02,1.15,75,2500,450,2300,325,09:00,18:00,0,6.0,true,6,0.8,0,30,true,6.0,20,true,0.1,1100
r11_00323,80,70,160,100,200,3,20,0.02,1.2,325,2400,475,2400,300,06:00,20:00,0,4.0,true,4,100,700,20,true,5.0,30,false,0.08,0
r11_01352,150,100,200,220,220,4,80,0.02,1.3,400,1900,150,1200,550,08:00,18:00,3800,2.0,true,3,0.2,3700,70,false,3.0,10,false,10,0
r11_00492,80,90,60,260,280,9,120,0.02,1.15,225,2800,500,1000,375,06:00,14:00,0,2.0,true,6,0.3,3300,30,true,8.0,10,true,0.1,1500
r11_00219,140,50,170,260,340,5,40,0.02,1.3,625,1200,75,2800,50,06:00,19:00,0,2.0,true,5,100,4000,70,true,6.0,45,false,0.2,3000
r11_00489,70,110,120,160,140,7,70,0.02,1.15,150,3000,275,2800,350,08:00,19:00,0,2.5,true,7,0.8,1400,10,true,8.0,30,false,0.08,300
r11_00840,70,80,250,140,300,3,70,0.02,1.05,175,700,150,2900,700,07:00,17:00,0,2.0,true,6,0.3,0,20,false,3.0,20,true,0.2,0
r11_00774,150,190,90,300,300,2,30,0.02,1.2,750,1400,250,1200,575,07:00,20:00,2800,0,true,3,0.2,0,100,false,2.0,30,true,0.08,3100
r11_00110,40,200,110,160,360,2,100,0.02,1.05,50,1000,400,2500,725,02:00,18:00,1800,3.0,true,15,0.3,2900,10,true,8.0,60,true,10,0
r11_01410,80,190,190,180,300,3,60,0.02,1.15,600,1300,350,1600,525,07:00,18:00,0,4.0,true,5,0.3,600,70,true,8.0,10,false,0.1,2900
r11_00820,120,130,260,180,260,3,50,0.02,1.1,350,1100,350,1100,50,06:00,19:00,0,2.0,true,5,1.2,2400,30,false,5.0,30,false,10,4000
r11_00033,70,60,200,160,300,3,60,0.02,1.1,650,700,75,2700,500,07:00,12:00,0,1.5,true,3,0.8,0,20,false,6.0,60,true,0.08,0
r11_00560,60,110,240,300,300,2,80,0.02,1.15,225,300,600,1200,750,08:00,21:00,0,0,true,6,100,1900,20,false,5.0,20,true,10,0
r11_01308,40,100,220,120,160,8,120,0.02,1.15,375,900,125,1000,425,07:00,12:00,2500,0,true,6,1.2,1700,50,false,2.0,30,false,0.2,0
r11_00362,100,160,100,300,140,10,120,0.02,1.05,525,700,375,300,100,09:00,18:00,0,0,true,4,0.5,0,100,false,2.0,30,false,0.2,1000
r11_01099,70,210,200,300,320,4,50,0.02,1.0,800,1900,425,2300,175,03:00,19:00,0,3.0,true,4,0.5,0,30,false,8.0,45,false,0.08,1100
r11_01429,90,190,150,100,340,7,60,0.02,1.0,425,2500,125,2600,100,08:00,17:00,400,2.5,true,6,0.8,3900,20,false,5.0,30,true,10,0
r11_00468,90,200,80,120,200,8,40,0.02,1.1,600,3000,550,1700,275,08:00,16:00,0,3.0,true,5,1.2,0,100,false,8.0,60,false,10,0
r11_00710,100,200,220,200,180,10,30,0.02,1.5,425,1900,300,2500,700,09:00,15:00,0,4.0,true,5,0.2,0,20,false,4.0,30,false,0.5,0
r11_00579,30,50,200,260,340,3,80,0.02,1.2,600,2800,550,1500,400,01:00,20:00,400,6.0,true,0,0.2,0,100,false,4.0,20,false,0.1,300
r11_00336,60,160,230,120,120,10,100,0.02,1.05,625,2600,400,2100,800,10:00,19:00,2500,1.5,true,6,0.3,500,100,false,2.0,30,true,10,0
r11_00935,160,80,250,280,140,6,90,0.02,1.05,200,1600,175,1300,625,09:00,17:00,2900,6.0,true,6,0.3,0,100,false,2.0,45,true,10,2800
r11_00092,150,100,220,320,280,6,60,0.02,1.0,375,2600,325,2300,225,07:00,19:00,2500,1.5,true,15,0.5,2500,20,true,6.0,10,true,0.05,800
r11_00459,90,180,230,120,140,10,40,0.02,1.2,375,300,350,1200,0,07:00,15:00,0,0,true,4,2.0,1100,20,true,6.0,30,true,10,2900
r11_00186,150,50,250,120,100,6,70,0.02,1.1,750,1800,125,2700,425,05:00,16:00,1200,4.0,true,5,100,4000,100,false,5.0,45,true,0.1,0
r11_00767,40,170,180,260,220,8,50,0.02,1.05,250,1900,225,700,425,09:00,18:00,3900,1.0,true,5,1.2,3900,70,true,8.0,10,true,0.08,3100
r11_00770,100,140,60,320,300,5,20,0.02,1.0,100,800,300,1000,525,07:00,13:00,0,4.0,true,10,1.2,2900,70,true,5.0,60,false,0.1,500
r11_00115,40,60,190,220,240,10,90,0.02,1.0,800,1100,325,1600,100,00:00,16:00,1300,2.5,true,4,1.2,1200,30,true,6.0,30,false,0.2,0
r11_00837,130,170,220,240,320,5,60,0.02,1.15,500,400,75,700,475,08:00,12:00,0,3.0,true,15,0.5,2600,10,false,2.0,20,false,0.2,0
r11_01269,70,130,220,300,160,4,40,0.02,1.2,50,600,500,1300,775,08:00,14:00,0,3.0,true,7,1.2,3400,20,true,3.0,10,false,10,700
r11_00784,150,130,250,320,360,5,40,0.02,1.1,175,2300,125,700,275,06:00,17:00,0,4.0,true,3,0.3,1200,70,false,4.0,20,true,10,0
r11_00316,150,160,200,280,220,6,110,0.02,1.0,600,3000,150,1100,700,07:00,18:00,700,2.0,true,3,100,2200,30,false,8.0,30,true,0.5,0
r11_01441,60,210,220,100,300,7,50,0.02,1.05,250,2400,575,300,625,08:00,15:00,4000,3.0,true,0,0.8,2700,50,true,4.0,10,true,0.05,0
r11_00501,130,120,180,120,80,6,110,0.02,1.15,150,500,300,2400,50,08:00,19:00,1500,0,true,4,100,0,30,true,5.0,20,true,0.05,1900
r11_00280,150,80,70,120,180,4,100,0.02,1.05,400,500,425,700,775,09:00,17:00,0,3.0,true,3,1.2,0,50,false,3.0,10,false,0.2,2500
r11_01408,140,160,180,320,320,10,60,0.02,1.1,575,1300,525,2800,175,06:00,21:00,0,4.0,true,3,100,0,50,false,4.0,60,true,0.1,0
r11_00205,110,110,200,260,320,6,80,0.02,1.0,425,2800,525,1700,0,06:00,16:00,500,0,true,15,1.2,0,50,true,8.0,45,true,0.1,0
r11_00358,70,80,110,260,340,2,40,0.02,1.05,725,800,125,700,425,08:00,19:00,1700,1.0,true,7,1.2,3500,100,true,8.0,10,true,0.05,0
r11_00879,120,120,220,320,100,5,120,0.02,1.4,625,900,75,2200,675,07:00,13:00,0,2.5,true,4,0.8,700,50,false,3.0,30,true,0.1,2900
r11_00902,80,210,220,280,200,2,90,0.02,1.2,525,3000,575,2900,0,09:00,16:00,1400,6.0,true,3,0.2,1200,30,false,2.0,30,false,10,1000
r11_00015,30,210,170,240,320,3,90,0.02,1.05,600,700,100,2000,775,06:00,16:00,0,4.0,true,3,0.8,3300,70,false,2.0,20,false,0.1,0
r11_00426,110,180,50,200,120,2,30,0.02,1.0,575,2400,450,2200,800,01:00,16:00,1800,3.0,true,3,100,2200,50,false,3.0,60,false,0.1,0
r11_01028,40,200,150,240,80,3,30,0.02,1.1,325,1900,150,1700,0,07:00,14:00,400,1.5,true,6,0.5,0,50,false,4.0,20,false,0.1,0
r11_00127,150,60,230,100,140,6,40,0.02,1.15,400,500,375,900,0,08:00,14:00,0,6.0,true,7,1.2,0,70,true,5.0,10,false,0.05,0
r11_00943,130,70,170,140,320,6,80,0.02,1.2,75,2000,325,2700,725,10:00,19:00,300,0,true,10,100,1300,70,true,8.0,60,false,0.5,3000
r11_01474,40,50,60,120,140,8,30,0.02,1.15,200,1200,75,2100,750,04:00,20:00,2700,6.0,true,4,0.8,0,20,false,3.0,45,false,10,2100
r11_00126,110,60,90,140,200,9,50,0.02,1.4,525,1400,175,2700,750,00:00,17:00,1200,2.0,true,3,100,1800,100,false,3.0,10,true,10,4000
r11_01407,60,50,70,240,360,7,70,0.02,1.05,550,2100,225,2600,0,08:00,20:00,2200,3.0,true,0,0.3,1500,10,true,5.0,45,true,0.1,0
r11_00605,50,130,240,220,360,10,100,0.02,1.5,500,2900,50,1100,675,10:00,14:00,0,1.5,true,10,0.8,0,70,true,5.0,10,true,0.08,0
r11_00896,30,130,240,100,280,8,50,0.02,1.2,550,200,450,500,300,08:00,18:00,3700,1.0,true,8,100,1000,30,true,8.0,60,false,0.2,0
r11_00016,70,90,50,80,140,4,50,0.02,1.0,575,1100,300,2600,525,07:00,13:00,4000,0,true,10,0.5,3600,50,true,5.0,45,true,0.1,0
r11_00236,120,210,260,160,360,4,30,0.02,1.5,300,2800,300,2000,675,08:00,17:00,2900,2.5,true,3,2.0,0,100,false,5.0,45,false,0.05,3200
r11_01041,40,210,220,80,300,9,70,0.02,1.4,350,1800,150,1700,325,07:00,12:00,0,3.0,true,6,0.2,1200,100,true,6.0,60,false,0.05,0
r11_00856,70,170,220,300,240,4,100,0.02,1.5,800,2700,300,1800,625,08:00,16:00,0,2.0,true,0,0.2,0,20,true,5.0,10,true,0.08,900
r11_00086,50,150,250,300,80,5,110,0.02,1.0,700,2500,425,1600,550,01:00,14:00,3100,1.0,true,7,2.0,1000,50,false,8.0,10,true,0.5,0
r11_00480,150,150,70,180,340,2,110,0.02,1.1,225,3000,425,300,275,08:00,14:00,3500,4.0,true,0,100,4000,100,true,6.0,30,true,10,0
set710taikhoan20k,70,100,110,140,160,6,50,0.02,1.15,250,1000,150,1500,250,03:00,15:00,0,0,true,0,100,0,100,false,3.0,30,true,10,0
