gio_server;so_tick;trung_vi_point;p90_point;p99_point;lon_nhat_point
0;301072;260;260;260;580
1;446300;260;260;260;340
2;290551;260;260;260;480
3;209081;260;260;260;340
4;158926;260;260;260;340
5;263950;260;260;260;340
6;273588;260;260;260;480
7;268880;260;260;260;340
8;292453;260;260;260;340
9;248266;260;260;260;480
10;215961;260;260;260;340
11;248828;260;260;260;480
12;457827;260;260;340;2000
13;593569;260;260;260;480
14;503671;260;260;260;580
15;393186;260;260;260;480
16;317604;260;260;260;480
17;247497;260;260;260;580
18;321010;260;260;340;580
19;259608;260;260;260;480
20;116867;260;260;260;580
21;0;-1;-1;-1;-1
22;98576;260;260;340;580
23;117965;260;260;260;340
