cau_hinh,mo_hinh,giay,net,chay,dd_pt,net_dd,basket,sau_max,lot_max,gio_max
V0.21 mặc định (lot đều),a,3.3,8952.8,1,107.8,1.26,1550,39,0.32,323.7
V0.21 mặc định (lot đều),b,3.3,-9079.2,3,114.7,-1.32,1560,39,0.32,287.3
V0.21 mặc định (lot đều),c,13.4,-18184.6,4,110.7,-2.71,692,39,0.34,868.3
"V0.21 hệ số 1,2",a,2.3,21563.3,1,101.6,3.4,2771,17,1.17,110.2
"V0.21 hệ số 1,2",b,2.7,7195.0,2,109.3,0.86,2704,17,1.17,132.2
"V0.21 hệ số 1,2",c,9.4,6444.7,2,100.6,0.85,2318,17,1.13,158.9
"hệ số 1,2 + SMA200",a,2.3,27740.0,0,18.4,10.04,2726,17,1.17,110.2
"hệ số 1,2 + SMA200",b,2.2,12793.3,1,101.9,1.54,2611,17,1.17,132.2
"hệ số 1,2 + SMA200",c,9.2,5489.6,2,100.5,0.68,2220,17,1.13,158.9
N085 (tốt nhất mô hình a),a,1.8,102246.3,0,19.1,22.93,4660,19,1.24,74.8
N085 (tốt nhất mô hình a),b,1.9,65259.6,0,63.7,4.6,4404,19,1.56,75.5
N085 (tốt nhất mô hình a),c,6.9,41694.5,0,86.2,3.55,3726,19,1.63,75.6
N140 (tốt nhất mô hình a),a,2.9,48956.7,0,16.8,17.08,6136,39,0.24,60.5
N140 (tốt nhất mô hình a),b,2.7,25759.3,0,34.0,6.19,5199,39,0.36,60.9
N140 (tốt nhất mô hình a),c,10.7,-3523.0,2,100.3,-0.38,3296,39,0.62,158.9
N171 (tốt nhất mô hình a),a,2.8,57358.7,0,27.2,16.92,9173,34,1.86,53.1
N171 (tốt nhất mô hình a),b,2.8,34744.2,0,30.0,11.02,8423,34,1.45,53.8
N171 (tốt nhất mô hình a),c,10.5,12408.1,1,100.1,1.38,6647,39,2.7,110.2
N010 (tốt nhất mô hình a),a,2.2,52373.9,0,14.9,14.88,8120,15,0.39,73.4
N010 (tốt nhất mô hình a),b,2.2,31973.4,0,21.8,10.06,7861,15,0.41,73.4
N010 (tốt nhất mô hình a),c,6.6,-4064.8,2,100.0,-0.64,1321,15,0.43,978.9
