chi_so;gia_tri
phien_ban;5.00
symbol;XAUUSDm
tu;2026.01.01 23:05:00
den;2026.09.27 23:58:58
von_ban_dau;10000.00
net_profit;2165.99
max_dd_tien;3041.98
max_dd_phan_tram;20.00
recovery_factor;0.71
so_tin_hieu;4780
cau_dao_sut_giam_da_dong;1
so_lenh_ao_bo_qua_do_day_bo_nho;0

nhom;so_lenh;win_rate_pct;profit_factor;net;ky_vong_tien;ky_vong_R;tb_lenh_thang;tb_lenh_thua;chuoi_thua_max;R_xau_nhat;so_lenh_lo_vuot_1_1R
TONG;338;39.35;1.10;2165.99;6.4083;0.0743;174.34;102.54;12;-1.2315;3
PP1_XU_HUONG_HOI;125;41.60;1.11;909.59;7.2767;0.0986;172.62;110.50;11;-1.2315;2
PP2_PHA_VO_HOP;108;38.89;1.12;796.47;7.3747;0.0702;177.33;100.78;9;-1.0805;0
PP3_QUET_DAO_CHIEU;105;37.14;1.07;459.93;4.3803;0.0495;173.40;95.49;8;-1.1182;1
PHIEN_A;148;38.51;1.06;541.28;3.6573;0.0468;179.33;106.38;10;-1.2315;2
PHIEN_AU;99;38.38;1.28;1516.43;15.3175;0.1561;181.06;87.93;8;-1.1182;1
PHIEN_MY;91;41.76;1.02;108.28;1.1899;0.0297;160.12;112.76;7;-1.0671;0
BUY;81;41.98;1.24;1108.30;13.6828;0.1406;168.93;98.63;8;-1.0797;0
SELL;257;38.52;1.06;1057.69;4.1155;0.0533;176.19;103.71;12;-1.2315;3
TT_TANG;47;42.55;1.04;123.14;2.6199;0.0742;149.47;106.16;7;-1.0797;0
TT_GIAM;106;37.74;0.99;-74.69;-0.7047;0.0068;177.55;108.73;9;-1.2315;3
TT_SIDEWAY;100;41.00;1.11;665.61;6.6561;0.0756;163.51;102.34;8;-1.0805;0
TT_CHUYEN_TIEP;85;37.65;1.29;1451.93;17.0816;0.1569;199.75;93.21;11;-1.0902;0

o_hoc;so_lenh_ao;ky_vong_R;ty_le_thang;dang_tat
PP1_XU_HUONG_HOI_BUY_A;269;-0.0912;0.3504;1
PP1_XU_HUONG_HOI_BUY_AU;239;-0.1240;0.3023;1
PP1_XU_HUONG_HOI_BUY_MY;311;-0.2684;0.2441;1
PP1_XU_HUONG_HOI_SELL_A;228;-0.3403;0.1913;1
PP1_XU_HUONG_HOI_SELL_AU;258;0.3509;0.4584;0
PP1_XU_HUONG_HOI_SELL_MY;289;-0.0786;0.2790;1
PP2_PHA_VO_HOP_BUY_A;164;-0.0730;0.2935;1
PP2_PHA_VO_HOP_BUY_AU;188;-0.0036;0.3263;1
PP2_PHA_VO_HOP_BUY_MY;116;0.1445;0.3648;0
PP2_PHA_VO_HOP_SELL_A;203;0.1433;0.3796;0
PP2_PHA_VO_HOP_SELL_AU;253;0.0636;0.3837;0
PP2_PHA_VO_HOP_SELL_MY;158;0.1782;0.4626;0
PP3_QUET_DAO_CHIEU_BUY_A;355;0.1503;0.4179;0
PP3_QUET_DAO_CHIEU_BUY_AU;378;-0.2342;0.2650;1
PP3_QUET_DAO_CHIEU_BUY_MY;309;-0.1452;0.3249;1
PP3_QUET_DAO_CHIEU_SELL_A;310;-0.1005;0.3496;1
PP3_QUET_DAO_CHIEU_SELL_AU;361;0.0050;0.3630;1
PP3_QUET_DAO_CHIEU_SELL_MY;297;-0.1143;0.3224;1
